employee_id,name,department,manager_id,status,effective_from,account_role,skill,safety_valid_through,base_salary_vnd,fixed_allowance_vnd,opening_leave_minutes
E001,Nhân sự demo 01,CEO,,active,2026-09-01,ceo,office,2026-12-31,26000000,500000,4800
E002,Nhân sự demo 02,SALES,E001,active,2026-09-01,sales,office,2026-12-31,10400000,500000,4800
E003,Nhân sự demo 03,SALES,E002,active,2026-09-01,sales,office,2026-12-31,10400000,500000,4800
E004,Nhân sự demo 04,SALES,E002,active,2026-09-01,,office,2026-12-31,10400000,500000,4800
E005,Nhân sự demo 05,SALES,E002,active,2026-09-01,,office,2026-12-31,10400000,500000,4800
E006,Nhân sự demo 06,SALES,E002,active,2026-09-01,,office,2026-12-31,10400000,500000,4800
E007,Nhân sự demo 07,PURCHASE,E001,active,2026-09-01,purchase,office,2026-12-31,9360000,500000,4800
E008,Nhân sự demo 08,PURCHASE,E007,active,2026-09-01,,office,2026-12-31,9360000,500000,4800
E009,Nhân sự demo 09,WAREHOUSE,E001,active,2026-09-01,warehouse,office,2026-12-31,7800000,500000,4800
E010,Nhân sự demo 10,WAREHOUSE,E009,active,2026-09-01,warehouse,office,2026-12-31,7800000,500000,4800
E011,Nhân sự demo 11,WAREHOUSE,E009,active,2026-09-01,delivery,office,2026-12-31,7800000,500000,4800
E012,Nhân sự demo 12,WAREHOUSE,E009,active,2026-09-01,,office,2026-12-31,7800000,500000,4800
E013,Nhân sự demo 13,PRODUCTION,E001,active,2026-09-01,production_manager,office,2026-12-31,15600000,500000,4800
E014,Nhân sự demo 14,PRODUCTION,E013,active,2026-09-01,tile_leader,office,2026-12-31,12480000,500000,4800
E015,Nhân sự demo 15,PRODUCTION,E013,active,2026-09-01,terrazzo_leader,office,2026-12-31,12480000,500000,4800
E016,Nhân sự demo 16,PRODUCTION,E014,active,2026-09-01,,tile_form_finish,2026-12-31,10400000,0,4800
E017,Nhân sự demo 17,PRODUCTION,E014,active,2026-09-01,,tile_form_finish,2026-12-31,10400000,0,4800
E018,Nhân sự demo 18,PRODUCTION,E014,active,2026-09-01,,tile_form_finish,2026-12-31,10400000,0,4800
E019,Nhân sự demo 19,PRODUCTION,E014,active,2026-09-01,,tile_form_finish,2026-12-31,10400000,0,4800
E020,Nhân sự demo 20,PRODUCTION,E014,active,2026-09-01,,terrazzo_form_finish,2026-12-31,10400000,0,4800
E021,Nhân sự demo 21,PRODUCTION,E014,active,2026-09-01,,terrazzo_form_finish,2026-12-31,10400000,0,4800
E022,Nhân sự demo 22,PRODUCTION,E014,active,2026-09-01,,terrazzo_form_finish,2026-12-31,10400000,0,4800
E023,Nhân sự demo 23,PRODUCTION,E014,active,2026-09-01,,packing_support,2026-12-31,7800000,500000,4800
E024,Nhân sự demo 24,PRODUCTION,E014,active,2026-09-01,,packing_support,2026-12-31,7800000,500000,4800
E025,Nhân sự demo 25,PRODUCTION,E014,active,2026-09-01,,packing_support,2026-12-31,7800000,500000,4800
E026,Nhân sự demo 26,PRODUCTION,E014,active,2026-09-01,,packing_support,2026-12-31,7800000,500000,4800
E027,Nhân sự demo 27,PRODUCTION,E014,active,2026-09-01,,packing_support,2026-12-31,7800000,500000,4800
E028,Nhân sự demo 28,PRODUCTION,E014,active,2026-09-01,,packing_support,2026-12-31,7800000,500000,4800
E029,Nhân sự demo 29,PRODUCTION,E015,active,2026-09-01,,packing_support,2026-12-31,7800000,500000,4800
E030,Nhân sự demo 30,PRODUCTION,E015,active,2026-09-01,,packing_support,2026-12-31,7800000,500000,4800
E031,Nhân sự demo 31,PRODUCTION,E015,active,2026-09-01,,packing_support,2026-12-31,7800000,500000,4800
E032,Nhân sự demo 32,PRODUCTION,E015,active,2026-09-01,,packing_support,2026-12-31,7800000,500000,4800
E033,Nhân sự demo 33,PRODUCTION,E015,active,2026-09-01,,packing_support,2026-12-31,7800000,500000,4800
E034,Nhân sự demo 34,PRODUCTION,E015,active,2026-09-01,,packing_support,2026-12-31,7800000,500000,4800
E035,Nhân sự demo 35,PRODUCTION,E015,active,2026-09-01,,packing_support,2026-12-31,7800000,500000,4800
E036,Nhân sự demo 36,PRODUCTION,E015,active,2026-09-01,,packing_support,2026-12-31,7800000,500000,4800
E037,Nhân sự demo 37,PRODUCTION,E015,active,2026-09-01,,packing_support,2026-12-31,7800000,500000,4800
E038,Nhân sự demo 38,PRODUCTION,E015,active,2026-09-01,,packing_support,2026-12-31,7800000,500000,4800
E039,Nhân sự demo 39,PRODUCTION,E015,active,2026-09-01,,packing_support,2026-12-31,7800000,500000,4800
E040,Nhân sự demo 40,PRODUCTION,E015,active,2026-09-01,,packing_support,2026-12-31,7800000,500000,4800
E041,Nhân sự demo 41,QUALITY,E001,active,2026-09-01,quality,office,2026-12-31,9360000,500000,4800
E042,Nhân sự demo 42,QUALITY,E041,active,2026-09-01,quality,office,2026-12-31,9360000,500000,4800
E043,Nhân sự demo 43,QUALITY,E041,active,2026-09-01,,office,2026-12-31,9360000,500000,4800
E044,Nhân sự demo 44,FINANCE,E001,active,2026-09-01,accountant,office,2026-12-31,10400000,500000,4800
E045,Nhân sự demo 45,FINANCE,E044,active,2026-09-01,finance_reviewer,office,2026-12-31,10400000,500000,4800
E046,Nhân sự demo 46,FINANCE,E044,active,2026-09-01,cashier,office,2026-12-31,10400000,500000,4800
E047,Nhân sự demo 47,HR_ADMIN,E001,active,2026-09-01,hr_payroll,office,2026-12-31,7800000,500000,4800
E048,Nhân sự demo 48,HR_ADMIN,E047,active,2026-09-01,access_admin,office,2026-12-31,7800000,500000,4800
E049,Nhân sự demo 49,HR_ADMIN,E047,active,2026-09-01,,office,2026-12-31,7800000,500000,4800
E050,Nhân sự demo 50,HR_ADMIN,E047,active,2026-09-01,,office,2026-12-31,7800000,500000,4800
