record_id,employee_id,date,start,end,minutes,batch_id,job_id,phase,resource_id,entered_by,confirmed_by
TM-N-01-form-E016,E016,2026-09-07,08:00,11:45,225,N-01,MO-N-001,form,FORM-N,E014,E013
TM-N-01-form-E017,E017,2026-09-07,08:00,11:45,225,N-01,MO-N-001,form,FORM-N,E014,E013
TM-N-01-form-E018,E018,2026-09-07,08:00,11:45,225,N-01,MO-N-001,form,FORM-N,E014,E013
TM-N-01-form-E019,E019,2026-09-07,08:00,11:45,225,N-01,MO-N-001,form,FORM-N,E014,E013
TM-N-01-finish-E016,E016,2026-09-11,08:00,11:45,225,N-01,MO-N-001,finish,FINISH-N,E014,E013
TM-N-01-finish-E017,E017,2026-09-11,08:00,11:45,225,N-01,MO-N-001,finish,FINISH-N,E014,E013
TM-N-01-finish-E018,E018,2026-09-11,08:00,11:45,225,N-01,MO-N-001,finish,FINISH-N,E014,E013
TM-N-01-finish-E019,E019,2026-09-11,08:00,11:45,225,N-01,MO-N-001,finish,FINISH-N,E014,E013
TM-N-02-form-E016,E016,2026-09-07,13:00,16:45,225,N-02,MO-N-001,form,FORM-N,E014,E013
TM-N-02-form-E017,E017,2026-09-07,13:00,16:45,225,N-02,MO-N-001,form,FORM-N,E014,E013
TM-N-02-form-E018,E018,2026-09-07,13:00,16:45,225,N-02,MO-N-001,form,FORM-N,E014,E013
TM-N-02-form-E019,E019,2026-09-07,13:00,16:45,225,N-02,MO-N-001,form,FORM-N,E014,E013
TM-N-02-finish-E016,E016,2026-09-11,13:00,16:45,225,N-02,MO-N-001,finish,FINISH-N,E014,E013
TM-N-02-finish-E017,E017,2026-09-11,13:00,16:45,225,N-02,MO-N-001,finish,FINISH-N,E014,E013
TM-N-02-finish-E018,E018,2026-09-11,13:00,16:45,225,N-02,MO-N-001,finish,FINISH-N,E014,E013
TM-N-02-finish-E019,E019,2026-09-11,13:00,16:45,225,N-02,MO-N-001,finish,FINISH-N,E014,E013
TM-N-03-form-E016,E016,2026-09-08,08:00,11:45,225,N-03,MO-N-001,form,FORM-N,E014,E013
TM-N-03-form-E017,E017,2026-09-08,08:00,11:45,225,N-03,MO-N-001,form,FORM-N,E014,E013
TM-N-03-form-E018,E018,2026-09-08,08:00,11:45,225,N-03,MO-N-001,form,FORM-N,E014,E013
TM-N-03-form-E019,E019,2026-09-08,08:00,11:45,225,N-03,MO-N-001,form,FORM-N,E014,E013
TM-N-03-finish-E016,E016,2026-09-12,08:00,11:45,225,N-03,MO-N-001,finish,FINISH-N,E014,E013
TM-N-03-finish-E017,E017,2026-09-12,08:00,11:45,225,N-03,MO-N-001,finish,FINISH-N,E014,E013
TM-N-03-finish-E018,E018,2026-09-12,08:00,11:45,225,N-03,MO-N-001,finish,FINISH-N,E014,E013
TM-N-03-finish-E019,E019,2026-09-12,08:00,11:45,225,N-03,MO-N-001,finish,FINISH-N,E014,E013
TM-N-04-form-E016,E016,2026-09-08,13:00,16:45,225,N-04,MO-N-001,form,FORM-N,E014,E013
TM-N-04-form-E017,E017,2026-09-08,13:00,16:45,225,N-04,MO-N-001,form,FORM-N,E014,E013
TM-N-04-form-E018,E018,2026-09-08,13:00,16:45,225,N-04,MO-N-001,form,FORM-N,E014,E013
TM-N-04-form-E019,E019,2026-09-08,13:00,16:45,225,N-04,MO-N-001,form,FORM-N,E014,E013
TM-N-04-finish-E016,E016,2026-09-12,13:00,16:45,225,N-04,MO-N-001,finish,FINISH-N,E014,E013
TM-N-04-finish-E017,E017,2026-09-12,13:00,16:45,225,N-04,MO-N-001,finish,FINISH-N,E014,E013
TM-N-04-finish-E018,E018,2026-09-12,13:00,16:45,225,N-04,MO-N-001,finish,FINISH-N,E014,E013
TM-N-04-finish-E019,E019,2026-09-12,13:00,16:45,225,N-04,MO-N-001,finish,FINISH-N,E014,E013
TM-N-05-form-E016,E016,2026-09-09,08:00,11:45,225,N-05,MO-N-001,form,FORM-N,E014,E013
TM-N-05-form-E017,E017,2026-09-09,08:00,11:45,225,N-05,MO-N-001,form,FORM-N,E014,E013
TM-N-05-form-E018,E018,2026-09-09,08:00,11:45,225,N-05,MO-N-001,form,FORM-N,E014,E013
TM-N-05-form-E019,E019,2026-09-09,08:00,11:45,225,N-05,MO-N-001,form,FORM-N,E014,E013
TM-N-05-finish-E016,E016,2026-09-14,08:00,11:45,225,N-05,MO-N-001,finish,FINISH-N,E014,E013
TM-N-05-finish-E017,E017,2026-09-14,08:00,11:45,225,N-05,MO-N-001,finish,FINISH-N,E014,E013
TM-N-05-finish-E018,E018,2026-09-14,08:00,11:45,225,N-05,MO-N-001,finish,FINISH-N,E014,E013
TM-N-05-finish-E019,E019,2026-09-14,08:00,11:45,225,N-05,MO-N-001,finish,FINISH-N,E014,E013
TM-N-06-form-E016,E016,2026-09-09,13:00,16:45,225,N-06,MO-N-001,form,FORM-N,E014,E013
TM-N-06-form-E017,E017,2026-09-09,13:00,16:45,225,N-06,MO-N-001,form,FORM-N,E014,E013
TM-N-06-form-E018,E018,2026-09-09,13:00,16:45,225,N-06,MO-N-001,form,FORM-N,E014,E013
TM-N-06-form-E019,E019,2026-09-09,13:00,16:45,225,N-06,MO-N-001,form,FORM-N,E014,E013
TM-N-06-finish-E016,E016,2026-09-14,13:00,16:45,225,N-06,MO-N-001,finish,FINISH-N,E014,E013
TM-N-06-finish-E017,E017,2026-09-14,13:00,16:45,225,N-06,MO-N-001,finish,FINISH-N,E014,E013
TM-N-06-finish-E018,E018,2026-09-14,13:00,16:45,225,N-06,MO-N-001,finish,FINISH-N,E014,E013
TM-N-06-finish-E019,E019,2026-09-14,13:00,16:45,225,N-06,MO-N-001,finish,FINISH-N,E014,E013
TM-N-07-form-E016,E016,2026-09-10,08:00,11:45,225,N-07,MO-N-001,form,FORM-N,E014,E013
TM-N-07-form-E017,E017,2026-09-10,08:00,11:45,225,N-07,MO-N-001,form,FORM-N,E014,E013
TM-N-07-form-E018,E018,2026-09-10,08:00,11:45,225,N-07,MO-N-001,form,FORM-N,E014,E013
TM-N-07-form-E019,E019,2026-09-10,08:00,11:45,225,N-07,MO-N-001,form,FORM-N,E014,E013
TM-N-07-finish-E016,E016,2026-09-15,08:00,11:45,225,N-07,MO-N-001,finish,FINISH-N,E014,E013
TM-N-07-finish-E017,E017,2026-09-15,08:00,11:45,225,N-07,MO-N-001,finish,FINISH-N,E014,E013
TM-N-07-finish-E018,E018,2026-09-15,08:00,11:45,225,N-07,MO-N-001,finish,FINISH-N,E014,E013
TM-N-07-finish-E019,E019,2026-09-15,08:00,11:45,225,N-07,MO-N-001,finish,FINISH-N,E014,E013
TM-N-08-form-E016,E016,2026-09-10,13:00,16:45,225,N-08,MO-N-001,form,FORM-N,E014,E013
TM-N-08-form-E017,E017,2026-09-10,13:00,16:45,225,N-08,MO-N-001,form,FORM-N,E014,E013
TM-N-08-form-E018,E018,2026-09-10,13:00,16:45,225,N-08,MO-N-001,form,FORM-N,E014,E013
TM-N-08-form-E019,E019,2026-09-10,13:00,16:45,225,N-08,MO-N-001,form,FORM-N,E014,E013
TM-N-08-finish-E016,E016,2026-09-15,13:00,16:45,225,N-08,MO-N-001,finish,FINISH-N,E014,E013
TM-N-08-finish-E017,E017,2026-09-15,13:00,16:45,225,N-08,MO-N-001,finish,FINISH-N,E014,E013
TM-N-08-finish-E018,E018,2026-09-15,13:00,16:45,225,N-08,MO-N-001,finish,FINISH-N,E014,E013
TM-N-08-finish-E019,E019,2026-09-15,13:00,16:45,225,N-08,MO-N-001,finish,FINISH-N,E014,E013
TM-T01-form-E020-08:00,E020,2026-09-16,08:00,12:00,240,T-01,MO-T-001,form,FORM-T,E015,E013
TM-T01-form-E020-13:00,E020,2026-09-16,13:00,14:00,60,T-01,MO-T-001,form,FORM-T,E015,E013
TM-T01-form-E021-08:00,E021,2026-09-16,08:00,12:00,240,T-01,MO-T-001,form,FORM-T,E015,E013
TM-T01-form-E021-13:00,E021,2026-09-16,13:00,14:00,60,T-01,MO-T-001,form,FORM-T,E015,E013
TM-T01-form-E022-08:00,E022,2026-09-16,08:00,12:00,240,T-01,MO-T-001,form,FORM-T,E015,E013
TM-T01-form-E022-13:00,E022,2026-09-16,13:00,14:00,60,T-01,MO-T-001,form,FORM-T,E015,E013
TM-T01-finish-E020-08:00,E020,2026-09-21,08:00,12:00,240,T-01,MO-T-001,finish,FINISH-T,E015,E013
TM-T01-finish-E020-13:00,E020,2026-09-21,13:00,14:00,60,T-01,MO-T-001,finish,FINISH-T,E015,E013
TM-T01-finish-E021-08:00,E021,2026-09-21,08:00,12:00,240,T-01,MO-T-001,finish,FINISH-T,E015,E013
TM-T01-finish-E021-13:00,E021,2026-09-21,13:00,14:00,60,T-01,MO-T-001,finish,FINISH-T,E015,E013
TM-T01-finish-E022-08:00,E022,2026-09-21,08:00,12:00,240,T-01,MO-T-001,finish,FINISH-T,E015,E013
TM-T01-finish-E022-13:00,E022,2026-09-21,13:00,14:00,60,T-01,MO-T-001,finish,FINISH-T,E015,E013
