acceptance_id,requirement_id,screen_ids
A01,FR01,SC03 SC04 SC17 SC22
A02,FR01,SC03 SC04 SC17 SC22
A04,FR01,SC03 SC04 SC17 SC22
X21,FR02,SC01 SC22
X22,FR02,SC01 SC22
X14,FR03,SC02 SC22
X22,FR03,SC02 SC22
A30,FR03,SC02 SC22
A03,FR04,SC02 SC06 SC10
X03,FR04,SC02 SC06 SC10
A02,FR05,SC02 SC09 SC11 SC14 SC18
A03,FR05,SC02 SC09 SC11 SC14 SC18
X16,FR05,SC02 SC09 SC11 SC14 SC18
X17,FR05,SC02 SC09 SC11 SC14 SC18
X18,FR05,SC02 SC09 SC11 SC14 SC18
X24,FR05,SC02 SC09 SC11 SC14 SC18
X20,FR06,SC02 SC09 SC14 SC19
X10,FR06,SC02 SC09 SC14 SC19
A05,FR07,SC04 SC05
X15,FR07,SC04 SC05
A06,FR08,SC05 SC06
X01,FR08,SC05 SC06
X01,FR09,SC07 SC10 SC12
X02,FR09,SC07 SC10 SC12
X03,FR10,SC06 SC07 SC16
X04,FR10,SC06 SC07 SC16
A08,FR11,SC06 SC08 SC10
A11,FR11,SC06 SC08 SC10
X05,FR11,SC06 SC08 SC10
X16,FR11,SC06 SC08 SC10
X19,FR11,SC06 SC08 SC10
A11,FR12,SC10 SC18
A12,FR12,SC10 SC18
A13,FR12,SC10 SC18
A22,FR12,SC10 SC18
X13,FR12,SC10 SC18
A14,FR13,SC10 SC11
A15,FR13,SC10 SC11
A22,FR13,SC10 SC11
X01,FR13,SC10 SC11
X13,FR13,SC10 SC11
A08,FR14,SC08 SC09
A09,FR14,SC08 SC09
A10,FR14,SC08 SC09
A22,FR14,SC08 SC09
X11,FR14,SC08 SC09
X12,FR14,SC08 SC09
A09,FR15,SC09 SC11 SC12 SC16
A17,FR15,SC09 SC11 SC12 SC16
X07,FR15,SC09 SC11 SC12 SC16
X09,FR15,SC09 SC11 SC12 SC16
X11,FR15,SC09 SC11 SC12 SC16
X12,FR15,SC09 SC11 SC12 SC16
A04,FR16,SC08 SC09 SC11
A14,FR16,SC08 SC09 SC11
X19,FR16,SC08 SC09 SC11
A15,FR17,SC12 SC13
X05,FR17,SC12 SC13
X06,FR17,SC12 SC13
A15,FR18,SC11 SC12 SC13
A16,FR18,SC11 SC12 SC13
A24,FR18,SC11 SC12 SC13
X02,FR18,SC11 SC12 SC13
X05,FR19,SC13 SC16
X06,FR19,SC13 SC16
A03,FR20,SC08 SC09 SC02
A16,FR20,SC08 SC09 SC02
X16,FR20,SC08 SC09 SC02
X20,FR20,SC08 SC09 SC02
A18,FR21,SC06 SC09 SC16
A20,FR21,SC06 SC09 SC16
A23,FR21,SC06 SC09 SC16
X19,FR21,SC06 SC09 SC16
A19,FR22,SC14 SC16 SC15
A20,FR22,SC14 SC16 SC15
A23,FR22,SC14 SC16 SC15
A24,FR22,SC14 SC16 SC15
A07,FR23,SC14 SC06
A19,FR23,SC14 SC06
A21,FR23,SC14 SC06
X17,FR23,SC14 SC06
X23,FR23,SC14 SC06
A10,FR24,SC14 SC09 SC19
A29,FR24,SC14 SC09 SC19
A31,FR24,SC14 SC09 SC19
A32,FR24,SC14 SC09 SC19
X22,FR24,SC14 SC09 SC19
X23,FR24,SC14 SC09 SC19
A03,FR25,SC01 SC14 SC21
A31,FR25,SC01 SC14 SC21
A32,FR25,SC01 SC14 SC21
A24,FR26,SC15 SC21 SC11
A25,FR26,SC15 SC21 SC11
A28,FR26,SC15 SC21 SC11
X02,FR26,SC15 SC21 SC11
X07,FR27,SC16 SC14 SC12
X08,FR27,SC16 SC14 SC12
X09,FR27,SC16 SC14 SC12
A01,FR28,SC17 SC18 SC22
X13,FR28,SC17 SC18 SC22
X21,FR28,SC17 SC18 SC22
A13,FR29,SC18 SC11
A26,FR29,SC18 SC11
A28,FR29,SC18 SC11
X13,FR29,SC18 SC11
X18,FR29,SC18 SC11
A27,FR30,SC18 SC19 SC02
X10,FR30,SC18 SC19 SC02
X13,FR30,SC18 SC19 SC02
A28,FR31,SC19 SC20 SC14
A29,FR31,SC19 SC20 SC14
A30,FR31,SC19 SC20 SC14
X10,FR31,SC19 SC20 SC14
X21,FR31,SC19 SC20 SC14
X22,FR31,SC19 SC20 SC14
A03,FR32,SC01 SC21
A25,FR32,SC01 SC21
A31,FR32,SC01 SC21
A32,FR32,SC01 SC21
X21,FR32,SC01 SC21
A02,FR33,SC01 SC22
A03,FR33,SC01 SC22
X18,FR33,SC01 SC22
X24,FR33,SC01 SC22
