requirement_id,table_names,screen_ids,acceptance_ids,database_responsibility,application_responsibility
FR01,core.company core.department core.location core.unit core.document core.policy_version core.demo_workspace catalog.product catalog.item catalog.item_alias catalog.unit_conversion core.party stock.lot stock.movement_line hr.employee,SC03 SC04 SC17 SC22,A01 A02 A04,Lưu nguồn/bản; FK/UNIQUE/CHECK; khóa và transaction theo thiết kế,"Quyền, quyết định, trạng thái/UI và điều kiện nghiệp vụ; kiểm lại tại commit"
FR02,core.audit_event access.account access.role access.permission access.role_assignment access.delegation hr.employee access.session access.person,SC01 SC22,X21 X22,Lưu nguồn/bản; FK/UNIQUE/CHECK; khóa và transaction theo thiết kế,"Quyền, quyết định, trạng thái/UI và điều kiện nghiệp vụ; kiểm lại tại commit"
FR03,core.document core.document_line core.approval core.audit_event access.account access.delegation access.person,SC02 SC22,A30 X14 X22,Lưu nguồn/bản; FK/UNIQUE/CHECK; khóa và transaction theo thiết kế,"Quyền, quyết định, trạng thái/UI và điều kiện nghiệp vụ; kiểm lại tại commit"
FR04,core.document core.document_line core.document_link core.handoff,SC02 SC06 SC10,A03 X03,Lưu nguồn/bản; FK/UNIQUE/CHECK; khóa và transaction theo thiết kế,"Quyền, quyết định, trạng thái/UI và điều kiện nghiệp vụ; kiểm lại tại commit"
FR05,core.document core.document_line core.audit_event core.demo_workspace access.operation_receipt stock.movement stock.movement_line stock.reservation_event finance.cash_movement finance.allocation_event hr.attendance,SC02 SC09 SC11 SC14 SC18,A02 A03 X16 X17 X18 X24,Lưu nguồn/bản; FK/UNIQUE/CHECK; khóa và transaction theo thiết kế,"Quyền, quyết định, trạng thái/UI và điều kiện nghiệp vụ; kiểm lại tại commit"
FR06,core.document core.document_line core.document_link core.approval core.audit_event core.period stock.movement stock.movement_line stock.count finance.obligation_event finance.value_entry hr.leave_event hr.payroll_run hr.payroll_line finance.cost_sheet_line,SC02 SC09 SC14 SC19,X10 X20,Lưu nguồn/bản; FK/UNIQUE/CHECK; khóa và transaction theo thiết kế,"Quyền, quyết định, trạng thái/UI và điều kiện nghiệp vụ; kiểm lại tại commit"
FR07,core.policy_version catalog.product catalog.item catalog.item_alias core.party core.party_contact sales.inquiry sales.inquiry_event sales.estimate_line,SC04 SC05,A05 X15,Lưu nguồn/bản; FK/UNIQUE/CHECK; khóa và transaction theo thiết kế,"Quyền, quyết định, trạng thái/UI và điều kiện nghiệp vụ; kiểm lại tại commit"
FR08,core.document core.document_line core.approval core.attachment core.policy_version catalog.product catalog.item core.party core.party_contact core.party_authority sales.order sales.order_line,SC05 SC06,A06 X01,Lưu nguồn/bản; FK/UNIQUE/CHECK; khóa và transaction theo thiết kế,"Quyền, quyết định, trạng thái/UI và điều kiện nghiệp vụ; kiểm lại tại commit"
FR09,core.attachment core.party_authority sales.sample production.work_order quality.inspection,SC07 SC10 SC12,X01 X02,Lưu nguồn/bản; FK/UNIQUE/CHECK; khóa và transaction theo thiết kế,"Quyền, quyết định, trạng thái/UI và điều kiện nghiệp vụ; kiểm lại tại commit"
FR10,core.document core.document_link core.approval core.handoff core.party_authority sales.order_line sales.sample sales.change_case production.work_order,SC06 SC07 SC16,X03 X04,Lưu nguồn/bản; FK/UNIQUE/CHECK; khóa và transaction theo thiết kế,"Quyền, quyết định, trạng thái/UI và điều kiện nghiệp vụ; kiểm lại tại commit"
FR11,catalog.item sales.order_line purchase.supply_assignment stock.portion stock.demand stock.reservation_event quality.hold_event,SC06 SC08 SC10,A08 A11 X05 X16 X19,Lưu nguồn/bản; FK/UNIQUE/CHECK; khóa và transaction theo thiết kế,"Quyền, quyết định, trạng thái/UI và điều kiện nghiệp vụ; kiểm lại tại commit"
FR12,core.policy_version stock.demand production.bom production.bom_line production.resource production.work_order production.batch production.operation production.resource_booking finance.cost_basis hr.qualification hr.calendar_day hr.schedule hr.work_interval hr.leave_request,SC10 SC18,A11 A12 A13 A22 X13,Lưu nguồn/bản; FK/UNIQUE/CHECK; khóa và transaction theo thiết kế,"Quyền, quyết định, trạng thái/UI và điều kiện nghiệp vụ; kiểm lại tại commit"
FR13,production.bom production.resource production.work_order production.batch production.operation production.resource_booking production.material_use finance.cost_sheet finance.cost_sheet_line,SC10 SC11,A14 A15 A22 X01 X13,Lưu nguồn/bản; FK/UNIQUE/CHECK; khóa và transaction theo thiết kế,"Quyền, quyết định, trạng thái/UI và điều kiện nghiệp vụ; kiểm lại tại commit"
FR14,catalog.unit_conversion core.party purchase.order purchase.order_line purchase.supply_assignment stock.demand finance.purchase_match,SC08 SC09,A08 A09 A10 A22 X11 X12,Lưu nguồn/bản; FK/UNIQUE/CHECK; khóa và transaction theo thiết kế,"Quyền, quyết định, trạng thái/UI và điều kiện nghiệp vụ; kiểm lại tại commit"
FR15,core.location catalog.unit_conversion purchase.order_line stock.lot stock.portion stock.movement stock.movement_line quality.inspection finance.purchase_match finance.value_entry,SC09 SC11 SC12 SC16,A09 A17 X07 X09 X11 X12,Lưu nguồn/bản; FK/UNIQUE/CHECK; khóa và transaction theo thiết kế,"Quyền, quyết định, trạng thái/UI và điều kiện nghiệp vụ; kiểm lại tại commit"
FR16,core.location core.unit catalog.item catalog.unit_conversion stock.lot stock.movement stock.movement_line stock.demand production.bom production.bom_line production.material_use finance.value_entry hr.equipment_handoff,SC08 SC09 SC11,A04 A14 X19,Lưu nguồn/bản; FK/UNIQUE/CHECK; khóa và transaction theo thiết kế,"Quyền, quyết định, trạng thái/UI và điều kiện nghiệp vụ; kiểm lại tại commit"
FR17,core.attachment core.policy_version stock.portion stock.reservation_event production.batch production.operation quality.inspection quality.measurement quality.hold_event,SC12 SC13,A15 X05 X06,Lưu nguồn/bản; FK/UNIQUE/CHECK; khóa và transaction theo thiết kế,"Quyền, quyết định, trạng thái/UI và điều kiện nghiệp vụ; kiểm lại tại commit"
FR18,core.approval stock.movement stock.movement_line production.work_order quality.disposition finance.cost_source finance.cost_allocation finance.cost_sheet,SC11 SC12 SC13,A15 A16 A24 X02,Lưu nguồn/bản; FK/UNIQUE/CHECK; khóa và transaction theo thiết kế,"Quyền, quyết định, trạng thái/UI và điều kiện nghiệp vụ; kiểm lại tại commit"
FR19,core.document_link sales.change_case stock.lot stock.portion production.batch quality.hold_event quality.disposition delivery.shipment_line,SC13 SC16,X05 X06,Lưu nguồn/bản; FK/UNIQUE/CHECK; khóa và transaction theo thiết kế,"Quyền, quyết định, trạng thái/UI và điều kiện nghiệp vụ; kiểm lại tại commit"
FR20,stock.movement stock.movement_line stock.demand stock.reservation_event stock.count stock.count_line,SC02 SC08 SC09,A03 A16 X16 X20,Lưu nguồn/bản; FK/UNIQUE/CHECK; khóa và transaction theo thiết kế,"Quyền, quyết định, trạng thái/UI và điều kiện nghiệp vụ; kiểm lại tại commit"
FR21,core.location core.attachment core.party_contact sales.order sales.order_line stock.movement stock.movement_line stock.reservation_event delivery.shipment delivery.shipment_line delivery.acceptance_line,SC06 SC09 SC16,A18 A20 A23 X19,Lưu nguồn/bản; FK/UNIQUE/CHECK; khóa và transaction theo thiết kế,"Quyền, quyết định, trạng thái/UI và điều kiện nghiệp vụ; kiểm lại tại commit"
FR22,sales.order_line delivery.shipment_line delivery.acceptance_line finance.obligation finance.sale finance.sale_line finance.value_entry,SC14 SC15 SC16,A19 A20 A23 A24,Lưu nguồn/bản; FK/UNIQUE/CHECK; khóa và transaction theo thiết kế,"Quyền, quyết định, trạng thái/UI và điều kiện nghiệp vụ; kiểm lại tại commit"
FR23,core.party core.party_authority sales.order finance.cash_account finance.cash_movement finance.allocation_event finance.reconciliation_line,SC06 SC14,A07 A19 A21 X17 X23,Lưu nguồn/bản; FK/UNIQUE/CHECK; khóa và transaction theo thiết kế,"Quyền, quyết định, trạng thái/UI và điều kiện nghiệp vụ; kiểm lại tại commit"
FR24,core.approval access.delegation purchase.order purchase.order_line finance.cash_account finance.payment_request finance.cash_movement finance.obligation finance.obligation_event finance.allocation_event finance.purchase_match hr.payroll_line,SC09 SC14 SC19,A10 A29 A31 A32 X22 X23,Lưu nguồn/bản; FK/UNIQUE/CHECK; khóa và transaction theo thiết kế,"Quyền, quyết định, trạng thái/UI và điều kiện nghiệp vụ; kiểm lại tại commit"
FR25,core.party finance.cash_account finance.cash_movement finance.obligation finance.obligation_event finance.allocation_event finance.reconciliation_line,SC01 SC14 SC21,A03 A31 A32,Lưu nguồn/bản; FK/UNIQUE/CHECK; khóa và transaction theo thiết kế,"Quyền, quyết định, trạng thái/UI và điều kiện nghiệp vụ; kiểm lại tại commit"
FR26,core.policy_version production.resource_booking production.material_use finance.sale_line finance.cost_source finance.cost_allocation finance.cost_basis finance.cost_sheet finance.value_entry hr.work_interval hr.payroll_line hr.payroll_component finance.cost_sheet_line,SC11 SC15 SC21,A24 A25 A28 X02,Lưu nguồn/bản; FK/UNIQUE/CHECK; khóa và transaction theo thiết kế,"Quyền, quyết định, trạng thái/UI và điều kiện nghiệp vụ; kiểm lại tại commit"
FR27,core.document_line core.document_link sales.order_line sales.change_case stock.movement_line quality.inspection quality.disposition delivery.shipment_line delivery.acceptance_line finance.obligation finance.obligation_event finance.allocation_event finance.sale finance.sale_line finance.value_entry,SC12 SC14 SC16,X07 X08 X09,Lưu nguồn/bản; FK/UNIQUE/CHECK; khóa và transaction theo thiết kế,"Quyền, quyết định, trạng thái/UI và điều kiện nghiệp vụ; kiểm lại tại commit"
FR28,core.department core.attachment core.audit_event access.account access.role_assignment hr.employee hr.employment hr.qualification hr.equipment_handoff hr.schedule access.session access.person,SC17 SC18 SC22,A01 X13 X21,Lưu nguồn/bản; FK/UNIQUE/CHECK; khóa và transaction theo thiết kế,"Quyền, quyết định, trạng thái/UI và điều kiện nghiệp vụ; kiểm lại tại commit"
FR29,core.unit finance.cost_basis hr.calendar_day hr.schedule hr.attendance hr.work_interval,SC11 SC18,A13 A26 A28 X13 X18,Lưu nguồn/bản; FK/UNIQUE/CHECK; khóa và transaction theo thiết kế,"Quyền, quyết định, trạng thái/UI và điều kiện nghiệp vụ; kiểm lại tại commit"
FR30,core.approval core.period core.policy_version finance.obligation_event hr.calendar_day hr.schedule hr.attendance hr.work_interval hr.leave_request hr.leave_event hr.payroll_run hr.payroll_line hr.payroll_component,SC02 SC18 SC19,A27 X10 X13,Lưu nguồn/bản; FK/UNIQUE/CHECK; khóa và transaction theo thiết kế,"Quyền, quyết định, trạng thái/UI và điều kiện nghiệp vụ; kiểm lại tại commit"
FR31,core.approval core.attachment core.period core.policy_version access.delegation finance.payment_request finance.cash_movement finance.obligation finance.allocation_event finance.cost_source finance.cost_allocation finance.cost_basis hr.employee hr.employment hr.calendar_day hr.attendance hr.work_interval hr.payroll_run hr.payroll_line hr.payroll_component,SC14 SC19 SC20,A28 A29 A30 X10 X21 X22,Lưu nguồn/bản; FK/UNIQUE/CHECK; khóa và transaction theo thiết kế,"Quyền, quyết định, trạng thái/UI và điều kiện nghiệp vụ; kiểm lại tại commit"
FR32,core.handoff access.permission,SC01 SC21,A03 A25 A31 A32 X21,Lưu nguồn/bản; FK/UNIQUE/CHECK; khóa và transaction theo thiết kế,"Quyền, quyết định, trạng thái/UI và điều kiện nghiệp vụ; kiểm lại tại commit"
FR33,core.company core.document core.audit_event core.demo_workspace access.operation_receipt access.person,SC01 SC22,A02 A03 X18 X24,Lưu nguồn/bản; FK/UNIQUE/CHECK; khóa và transaction theo thiết kế,"Quyền, quyết định, trạng thái/UI và điều kiện nghiệp vụ; kiểm lại tại commit"
