bang_hien_hanh,truong_cu_da_bo,nguon_thay_the_va_cach_tinh,cach_luu,pham_vi
dung_chung.de_nghi_va_quyet_dinh_phe_duyet,subject_identity_key,"Người hưởng trong hồ sơ gốc → nhân viên → định danh người; người duyệt → tài khoản → cùng định danh người. So sánh định danh nguồn, không sao mã để lách tự duyệt.",Không tạo cột kết quả tổng hợp trong bảng nguồn; truy vấn từ chứng từ/sự kiện có căn cứ,Thay đổi thiết kế B28; chưa có DB cần chuyển đổi
kinh_doanh.thong_so_tu_van,rounded_pieces,"Diện tích × viên/m² × (1 + tỷ lệ dự phòng), làm tròn lên khi xem; số khách chốt lưu riêng cùng căn cứ.",Không tạo cột kết quả tổng hợp trong bảng nguồn; truy vấn từ chứng từ/sự kiện có căn cứ,Thay đổi thiết kế B28; chưa có DB cần chuyển đổi
kinh_doanh.bao_gia_va_don_hang,feasibility_status,"Quyết định đánh giá khả năng đáp ứng trỏ đúng đơn/bản, người sản xuất xác nhận, điều kiện lượng/lịch tại mốc; chưa có quyết định hiển thị chờ.",Không tạo cột kết quả tổng hợp trong bảng nguồn; truy vấn từ chứng từ/sự kiện có căn cứ,Thay đổi thiết kế B28; chưa có DB cần chuyển đổi
mua_hang.dong_don_mua_hang,quantity_base,Lượng đặt nhập × hệ số quy đổi đúng bản đã ghi trong dòng đơn mua.,Không tạo cột kết quả tổng hợp trong bảng nguồn; truy vấn từ chứng từ/sự kiện có căn cứ,Thay đổi thiết kế B28; chưa có DB cần chuyển đổi
mua_hang.phan_bo_hang_dang_ve,state,Phần đang về còn lại theo đơn mua/nhu cầu và phiếu nhận; mốc kết thúc có xác nhận riêng.,Không tạo cột kết quả tổng hợp trong bảng nguồn; truy vấn từ chứng từ/sự kiện có căn cứ,Thay đổi thiết kế B28; chưa có DB cần chuyển đổi
san_xuat.lenh_san_xuat,status,Tiến độ công đoạn/QC/vật tư/chi phí; chốt có chứng từ quyết định riêng.,Không tạo cột kết quả tổng hợp trong bảng nguồn; truy vấn từ chứng từ/sự kiện có căn cứ,Thay đổi thiết kế B28; chưa có DB cần chuyển đổi
san_xuat.lo_san_xuat,status,Tiến độ dựng từ công đoạn và QC đúng bản; thiếu dữ kiện hiển thị chưa rõ.,Không tạo cột kết quả tổng hợp trong bảng nguồn; truy vấn từ chứng từ/sự kiện có căn cứ,Thay đổi thiết kế B28; chưa có DB cần chuyển đổi
san_xuat.cong_doan_san_xuat,pending_qty,Thực bắt đầu − thực hoàn thành của công đoạn; không thay lượng chờ kết luận do QC xác nhận.,Không tạo cột kết quả tổng hợp trong bảng nguồn; truy vấn từ chứng từ/sự kiện có căn cứ,Thay đổi thiết kế B28; chưa có DB cần chuyển đổi
chat_luong.phuong_an_xu_ly_chat_luong,status,"Lượng đã thực xử lý từ vận động hàng/công đoạn trỏ phương án; duyệt lấy từ quyết định, không tự hoàn thành.",Không tạo cột kết quả tổng hợp trong bảng nguồn; truy vấn từ chứng từ/sự kiện có căn cứ,Thay đổi thiết kế B28; chưa có DB cần chuyển đổi
giao_hang.dot_giao_hang,status,"Lượng xuất/nhận/trả thực từ dòng giao, vận động và xác nhận khách; tranh chấp theo hồ sơ riêng.",Không tạo cột kết quả tổng hợp trong bảng nguồn; truy vấn từ chứng từ/sự kiện có căn cứ,Thay đổi thiết kế B28; chưa có DB cần chuyển đổi
tai_chinh.de_nghi_chi_tien,status,Duyệt theo quyết định; đã chi theo biến động tiền thực; còn chi = được duyệt − đã chi hợp lệ.,Không tạo cột kết quả tổng hợp trong bảng nguồn; truy vấn từ chứng từ/sự kiện có căn cứ,Thay đổi thiết kế B28; chưa có DB cần chuyển đổi
tai_chinh.nghia_vu_thanh_toan,status,Còn nợ = gốc ± điều chỉnh − sử dụng tiền hợp lệ; tranh chấp trỏ hồ sơ riêng.,Không tạo cột kết quả tổng hợp trong bảng nguồn; truy vấn từ chứng từ/sự kiện có căn cứ,Thay đổi thiết kế B28; chưa có DB cần chuyển đổi
tai_chinh.ban_chot_gia_thanh,published_total,"Tổng tiền các phân bổ liên kết đúng bản chốt, không đọc các phân bổ hiện tại đã bị đổi.",Không tạo cột kết quả tổng hợp trong bảng nguồn; truy vấn từ chứng từ/sự kiện có căn cứ,Thay đổi thiết kế B28; chưa có DB cần chuyển đổi
tai_chinh.ban_chot_gia_thanh,good_qty_snapshot,Tổng lượng đạt từ bản QC đúng lô được liên kết trong nguồn của bản chốt.,Không tạo cột kết quả tổng hợp trong bảng nguồn; truy vấn từ chứng từ/sự kiện có căn cứ,Thay đổi thiết kế B28; chưa có DB cần chuyển đổi
tai_chinh.ban_chot_gia_thanh,missing_sources,"Danh sách nguồn bắt buộc đối chiếu với nguồn hiện có; thiếu nguồn vẫn tạm tính, không bù bằng số giả.",Không tạo cột kết quả tổng hợp trong bảng nguồn; truy vấn từ chứng từ/sự kiện có căn cứ,Thay đổi thiết kế B28; chưa có DB cần chuyển đổi
tai_chinh.bien_dong_gia_tri,quantity_basis,Đọc lượng từ dòng vận động/ghi bán gốc liên kết; điều chỉnh chỉ giá trị không có lượng phát sinh mới.,Không tạo cột kết quả tổng hợp trong bảng nguồn; truy vấn từ chứng từ/sự kiện có căn cứ,Thay đổi thiết kế B28; chưa có DB cần chuyển đổi
nhan_su.ngay_va_ca_lam_viec,scheduled_minutes,"Tổng độ dài các khoảng làm việc của đúng ca/bản lịch, loại khoảng nghỉ.",Không tạo cột kết quả tổng hợp trong bảng nguồn; truy vấn từ chứng từ/sự kiện có căn cứ,Thay đổi thiết kế B28; chưa có DB cần chuyển đổi
nhan_su.de_nghi_nghi,scheduled_leave_minutes,Phần giao giữa khoảng nghỉ yêu cầu và khoảng làm việc theo lịch; loại nghỉ tuần/trưa.,Không tạo cột kết quả tổng hợp trong bảng nguồn; truy vấn từ chứng từ/sự kiện có căn cứ,Thay đổi thiết kế B28; chưa có DB cần chuyển đổi
nhan_su.ky_tinh_thu_nhap,state,Số dòng đã kiểm/đã duyệt/chờ từ dòng thu nhập và quyết định; chốt từ kỳ nghiệp vụ/chứng từ.,Không tạo cột kết quả tổng hợp trong bảng nguồn; truy vấn từ chứng từ/sự kiện có căn cứ,Thay đổi thiết kế B28; chưa có DB cần chuyển đổi
nhan_su.dong_thu_nhap_nhan_vien,income_before_mandatory,"Tổng các khoản thu nhập theo chiều tăng/giảm, mỗi khoản nối công/chính sách/quyết định nguồn.",Không tạo cột kết quả tổng hợp trong bảng nguồn; truy vấn từ chứng từ/sự kiện có căn cứ,Thay đổi thiết kế B28; chưa có DB cần chuyển đổi
tai_chinh.nguon_cua_ban_chot_gia_thanh,included_amount,Đọc số tiền từ đúng bản phân bổ mà dòng của bản chốt liên kết; không sao thêm tiền.,Không tạo cột kết quả tổng hợp trong bảng nguồn; truy vấn từ chứng từ/sự kiện có căn cứ,Thay đổi thiết kế B28; chưa có DB cần chuyển đổi
