ma_bang_cu,bang_truoc_b29,quyet_dinh,bang_hien_hanh,ly_do,kiem_soat_can_giu,anh_huong_nhap_lieu
D001,dung_chung.doanh_nghiep,Giữ,dung_chung.doanh_nghiep,"Có nguồn, vòng đời, lịch sử hoặc quan hệ nhiều dòng cần giữ; không gộp chỉ để giảm số lượng",Một công ty trong mỗi bộ mô phỏng; không suy ra đa pháp nhân.,"Nhập qua nguồn/phiếu một lần, lấy lại dữ kiện đã có; xác nhận thực và quyết định vẫn riêng"
D002,dung_chung.bo_phan,Giữ,dung_chung.bo_phan,"Có nguồn, vòng đời, lịch sử hoặc quan hệ nhiều dòng cần giữ; không gộp chỉ để giảm số lượng",Mã duy nhất trong công ty; nhóm hành chính không đồng nghĩa bốn nhân sự chuyên trách.,"Nhập qua nguồn/phiếu một lần, lấy lại dữ kiện đã có; xác nhận thực và quyết định vẫn riêng"
D003,dung_chung.vi_tri_giu_hang,Giữ,dung_chung.vi_tri_giu_hang,"Có nguồn, vòng đời, lịch sử hoặc quan hệ nhiều dòng cần giữ; không gộp chỉ để giảm số lượng",VT/TP/CC/HL cùng KHO-01. Xưởng/đang giao không cộng vào tồn kho; không dùng vị trí làm kết luận kiểm chất lượng.,"Nhập qua nguồn/phiếu một lần, lấy lại dữ kiện đã có; xác nhận thực và quyết định vẫn riêng"
D004,dung_chung.don_vi_tinh,Giữ,dung_chung.don_vi_tinh,"Có nguồn, vòng đời, lịch sử hoặc quan hệ nhiều dòng cần giữ; không gộp chỉ để giảm số lượng",Viên=0 số lẻ; kg/lít=3; phút công số nguyên. Đơn vị đóng gói quy đổi theo mặt hàng.,"Nhập qua nguồn/phiếu một lần, lấy lại dữ kiện đã có; xác nhận thực và quyết định vẫn riêng"
D005,dung_chung.chung_tu,Giữ,dung_chung.chung_tu,"Có nguồn, vòng đời, lịch sử hoặc quan hệ nhiều dòng cần giữ; không gộp chỉ để giảm số lượng","Đầu chung là nơi sở hữu mã/bản, người lập, thời điểm tạo, nhật ký và chống ghi đồng thời. Các đầu kho/kiểm kê/ghi bán/chốt giá thành/công người-ngày trước đây lưu ngay đây theo loai. Mọi trường riêng chỉ dùng cho đúng loại: kho cần loại vận động/thời điểm/thứ tự/ghi sổ; kiểm kê cần mốc/phạm vi/ngừng giao dịch/người đếm-kiểm; bán cần đơn/phương án/thực hiện; chốt giá thành cần lô/chính sách/quyết định; công cần người/ngày-ca/kỳ/nguồn/xác nhận. Bản đã dùng bất biến, nguồn điều chỉnh nối gốc. Một chứng từ có đúng một loại, các trường không áp dụng phải trống, không tạo đầu nghiệp vụ thứ hai. Điều kiện nguồn Phiếu vận động hàng: đã ghi sổ mới tác động lượng. Phiếu xưởng tổ trưởng xác nhận phạm vi sản xuất; kho không tự sửa công/thực dùng. Không ghi lùi trước mốc/biến động liên quan. Điều kiện nguồn Biên bản kiểm kê: Đóng giao dịch phần đếm hoặc ghi đối chiếu giữa hai mốc; duyệt không tự điều chỉnh. Điều kiện nguồn Chứng từ ghi nhận bán: Sale thường chỉ sau chấp nhận; giảm bán/tăng bán có căn cứ và quyết định; không hóa đơn pháp lý. Điều kiện nguồn Bản chốt giá thành: Bản chốt lưu quyết định và danh sách phân bổ/nguồn đúng phiên bản. Tổng giá thành, lượng đạt và danh sách thiếu được tính khi đọc từ nguồn đã liên kết, không có cột tổng nhập tay. Chưa đủ lượng, lỗi và nguồn thì giữ tạm tính. Điều kiện nguồn Bản công người ngày ca: Duy nhất người/ngày/ca/bản; chỉ một bản hiện hành có hiệu lực. Thiếu nguồn giữ chờ xử lý; sửa sau chốt thêm bản điều chỉnh, không xóa công cũ.","Nhập qua nguồn/phiếu một lần, lấy lại dữ kiện đã có; xác nhận thực và quyết định vẫn riêng"
D006,dung_chung.dong_chung_tu,Giữ,dung_chung.dong_chung_tu,"Có nguồn, vòng đời, lịch sử hoặc quan hệ nhiều dòng cần giữ; không gộp chỉ để giảm số lượng","Duy nhất(chứng từ,so_thu_tu_dong). Mỗi dòng có đúng một phần mở rộng nghiệp vụ phù hợp loai; không lưu tiền/lượng lần hai ở đây.","Nhập qua nguồn/phiếu một lần, lấy lại dữ kiện đã có; xác nhận thực và quyết định vẫn riêng"
D007,dung_chung.lien_ket_chung_tu,Giữ,dung_chung.lien_ket_chung_tu,"Có nguồn, vòng đời, lịch sử hoặc quan hệ nhiều dòng cần giữ; không gộp chỉ để giảm số lượng",Không tự liên kết; duy nhất hai nguồn+loại; kiểm chu trình cho quan hệ thay thế/phụ thuộc. Liên kết không thay FK lượng ở bảng nghiệp vụ.,"Nhập qua nguồn/phiếu một lần, lấy lại dữ kiện đã có; xác nhận thực và quyết định vẫn riêng"
D008,dung_chung.de_nghi_va_quyet_dinh_phe_duyet,Giữ,dung_chung.de_nghi_va_quyet_dinh_phe_duyet,"Có nguồn, vòng đời, lịch sử hoặc quan hệ nhiều dòng cần giữ; không gộp chỉ để giảm số lượng","ma_dong_chung_tu có thể trống để duyệt cả nguồn; các người kiểm/duyệt có thể trống khi còn chờ. Dòng phải thuộc đúng chứng từ. So người thật, không chỉ tài khoản. Duyệt tự hưởng hoặc ngoài ủy quyền bị ngăn.","Nhập qua nguồn/phiếu một lần, lấy lại dữ kiện đã có; xác nhận thực và quyết định vẫn riêng"
D009,dung_chung.ban_giao_cong_viec,Giữ,dung_chung.trao_doi_va_ban_giao,"Có nguồn, vòng đời, lịch sử hoặc quan hệ nhiều dòng cần giữ; không gộp chỉ để giảm số lượng","Một dòng có đúng loại tiếp nhận khách/giao việc/bàn giao dụng cụ. Tiếp nhận cần nội dung/kênh/mốc, không đòi bên nhận việc; giao việc cần bên nhận/phạm vi/hạn và xác nhận nhận; dụng cụ cần nhân viên/căn cứ/phiếu kho thực khi có hàng kho, không xuất lần hai. Quyền theo loại, không dùng ghi chú làm quyết định hoặc số liệu kho. Điều kiện nguồn Lần tiếp nhận nhu cầu: Nhiều kênh thuộc cùng inquiry, không tạo nhiều đơn tự động. Điều kiện nguồn Bàn giao bảo hộ dụng cụ: Hàng có kho liên kết phiếu thực đúng một lần; bàn giao không xuất thêm. Không phải hệ tài sản/khấu hao.","Nhập qua nguồn/phiếu một lần, lấy lại dữ kiện đã có; xác nhận thực và quyết định vẫn riêng"
D010,dung_chung.chung_cu_dinh_kem,Giữ,dung_chung.chung_cu_dinh_kem,"Có nguồn, vòng đời, lịch sử hoặc quan hệ nhiều dòng cần giữ; không gộp chỉ để giảm số lượng",Tệp ngoài DB/Git; đường dẫn không công khai; kiểm quyền theo nguồn. Không chứa chữ ký giả như thật.,"Nhập qua nguồn/phiếu một lần, lấy lại dữ kiện đã có; xác nhận thực và quyết định vẫn riêng"
D011,dung_chung.nhat_ky_thao_tac,Giữ,dung_chung.nhat_ky_thao_tac,"Có nguồn, vòng đời, lịch sử hoặc quan hệ nhiều dòng cần giữ; không gộp chỉ để giảm số lượng",Chỉ thêm; người nhập và người được nhập thay riêng; log chung không chứa lương/mật khẩu. Không thay sổ lượng/tiền.,"Nhập qua nguồn/phiếu một lần, lấy lại dữ kiện đã có; xác nhận thực và quyết định vẫn riêng"
D012,dung_chung.ky_nghiep_vu,Giữ,dung_chung.ky_nghiep_vu,"Có nguồn, vòng đời, lịch sử hoặc quan hệ nhiều dòng cần giữ; không gộp chỉ để giảm số lượng","Các loại kỳ có bản/hiệu lực riêng; chốt công không chốt lương hoặc tiền. Kỳ thu nhập cố định nguồn chốt công/chính sách và bản bị thay. Tổng/tiến độ tính từ nguồn; dòng giám đốc kiểm độc lập. Không sửa bản đã chốt, không tự đóng theo lịch. Điều kiện nguồn Kỳ tính thu nhập: Kỳ tính cố định kỳ công và bản chính sách. Duyệt thuộc từng dòng và quyết định; tình trạng duyệt toàn kỳ tính từ các nguồn đó, không có cột cho phép một thao tác hợp thức hóa mọi dòng. Chốt kỳ theo chứng từ và kỳ nghiệp vụ.","Nhập qua nguồn/phiếu một lần, lấy lại dữ kiện đã có; xác nhận thực và quyết định vẫn riêng"
D013,dung_chung.phien_ban_chinh_sach,Giữ,dung_chung.phien_ban_chinh_sach,"Có nguồn, vòng đời, lịch sử hoặc quan hệ nhiều dòng cần giữ; không gộp chỉ để giảm số lượng","Tham số chỉ có hiệu lực khi có chứng từ căn cứ, người khai báo, mốc hiệu lực và quyết định phê duyệt đúng phạm vi; bản đề xuất hoặc thiếu căn cứ không điều khiển giao dịch. Không đặt mặc định để suy kết luận kiểm chất lượng, tự duyệt hoặc phát sinh nhu cầu mua. Bản sửa nối bản trước.","Nhập qua nguồn/phiếu một lần, lấy lại dữ kiện đã có; xác nhận thực và quyết định vẫn riêng"
D014,dung_chung.bo_du_lieu_mo_phong,Giữ,dung_chung.bo_du_lieu_mo_phong,"Có nguồn, vòng đời, lịch sử hoặc quan hệ nhiều dòng cần giữ; không gộp chỉ để giảm số lượng","Duy nhất(ma_nghiep_vu,phien_ban_bo_mo_phong,che_do). Mọi dòng nghiệp vụ gắn workspace_id; nhánh không cộng vào cơ sở. Khôi phục làm bộ mới, giữ bộ cũ lưu trữ; không xóa người dùng/secret.","Nhập qua nguồn/phiếu một lần, lấy lại dữ kiện đã có; xác nhận thực và quyết định vẫn riêng"
D015,truy_cap.tai_khoan_dang_nhap,Giữ,truy_cap.tai_khoan_dang_nhap,"Có nguồn, vòng đời, lịch sử hoặc quan hệ nhiều dòng cần giữ; không gộp chỉ để giảm số lượng","Nhiều tài khoản trỏ một person ổn định. Hồ sơ nhân sự theo bộ nối cùng person; không bắt 50 người có tài khoản. Credential chỉ băm, không bản rõ hoặc Git.","Nhập qua nguồn/phiếu một lần, lấy lại dữ kiện đã có; xác nhận thực và quyết định vẫn riêng"
D016,truy_cap.vai_tro_cong_viec,Giữ,truy_cap.vai_tro_cong_viec,"Có nguồn, vòng đời, lịch sử hoặc quan hệ nhiều dòng cần giữ; không gộp chỉ để giảm số lượng","Vai trò không là phòng ban/người duyệt mới. Các chi tiết thuộc bảng con, tự nối đúng bản cha trong cùng biểu mẫu; không bắt tạo một công việc/phiếu riêng cho mỗi dòng.","Nhập qua nguồn/phiếu một lần, lấy lại dữ kiện đã có; xác nhận thực và quyết định vẫn riêng"
D017,truy_cap.quyen_thao_tac,Giữ,truy_cap.quyen_thao_tac,"Có nguồn, vòng đời, lịch sử hoặc quan hệ nhiều dòng cần giữ; không gộp chỉ để giảm số lượng","Duy nhất(role,nguồn lực,hanh_dong,pham_vi); quyền xuất và xem lương tách. Mặc định từ chối.","Nhập qua nguồn/phiếu một lần, lấy lại dữ kiện đã có; xác nhận thực và quyết định vẫn riêng"
D018,truy_cap.cap_vai_tro,Giữ,truy_cap.cap_vai_tro,"Có nguồn, vòng đời, lịch sử hoặc quan hệ nhiều dòng cần giữ; không gộp chỉ để giảm số lượng","Không tự cấp cho mình; ngừng quyền khi nghỉ hiệu lực. Cấp quyền chỉ là nguồn cho kiểm tra, không được mở toàn dữ liệu.","Nhập qua nguồn/phiếu một lần, lấy lại dữ kiện đã có; xác nhận thực và quyết định vẫn riêng"
D019,truy_cap.uy_quyen,Giữ,truy_cap.uy_quyen,"Có nguồn, vòng đời, lịch sử hoặc quan hệ nhiều dòng cần giữ; không gộp chỉ để giảm số lượng","Nguồn cụ thể có thể trống nếu phạm vi loại; không ủy quyền tiếp; không tự hưởng; duyệt mới kiểm thời hạn, quyết định cũ giữ nguyên.","Nhập qua nguồn/phiếu một lần, lấy lại dữ kiện đã có; xác nhận thực và quyết định vẫn riêng"
D020,truy_cap.bien_nhan_xac_nhan_giao_dich,Giữ,truy_cap.bien_nhan_xac_nhan_giao_dich,"Có nguồn, vòng đời, lịch sử hoặc quan hệ nhiều dòng cần giữ; không gộp chỉ để giảm số lượng","Duy nhất(bộ dữ liệu,hanh_dong,khoa_chong_xac_nhan_lap); cùng khóa khác nội dung từ chối. Tạo trong cùng giao dịch nguyên tử với kết quả, không ghi thành công trước commit.","Nhập qua nguồn/phiếu một lần, lấy lại dữ kiện đã có; xác nhận thực và quyết định vẫn riêng"
D021,danh_muc.san_pham,Gộp,danh_muc.mat_hang,Đầu/quan hệ/sự kiện cùng nguồn được lưu ở bảng hiện hành; dữ kiện và điều kiện theo loại vẫn riêng,"Nhóm mẫu không có giao dịch lượng, các dòng biến thể/vật tư/bảo hộ mới được tham chiếu bởi vận động/định mức. ma_nhom_mau là FK tự tham chiếu đúng loại nhóm, không chu trình; mã gọi khác trỏ đúng một dòng. Quy cách thay quan trọng tạo mã/bản mới, không sửa ngược lịch sử. Ràng buộc loại đích kiểm tại xác nhận và khi lưu quan hệ. Điều kiện nguồn Sản phẩm: Không giữ tồn theo sản phẩm cha; mã khác có nguồn B07.","Nhập qua nguồn/phiếu một lần, lấy lại dữ kiện đã có; xác nhận thực và quyết định vẫn riêng"
D022,danh_muc.mat_hang,Giữ,danh_muc.mat_hang,"Có nguồn, vòng đời, lịch sử hoặc quan hệ nhiều dòng cần giữ; không gộp chỉ để giảm số lượng","Nhóm mẫu không có giao dịch lượng, các dòng biến thể/vật tư/bảo hộ mới được tham chiếu bởi vận động/định mức. ma_nhom_mau là FK tự tham chiếu đúng loại nhóm, không chu trình; mã gọi khác trỏ đúng một dòng. Quy cách thay quan trọng tạo mã/bản mới, không sửa ngược lịch sử. Ràng buộc loại đích kiểm tại xác nhận và khi lưu quan hệ. Điều kiện nguồn Sản phẩm: Không giữ tồn theo sản phẩm cha; mã khác có nguồn B07.","Nhập qua nguồn/phiếu một lần, lấy lại dữ kiện đã có; xác nhận thực và quyết định vẫn riêng"
D023,danh_muc.ma_goi_khac,Giữ,danh_muc.ma_goi_khac,"Có nguồn, vòng đời, lịch sử hoặc quan hệ nhiều dòng cần giữ; không gộp chỉ để giảm số lượng",Chính xác một đích product hoặc mặt hàng; duy nhất ma_goi_khac chuẩn hóa; ma_goi_khac product không tự đoán màu.,"Nhập qua nguồn/phiếu một lần, lấy lại dữ kiện đã có; xác nhận thực và quyết định vẫn riêng"
D024,danh_muc.quy_doi_don_vi,Giữ,danh_muc.quy_doi_don_vi,"Có nguồn, vòng đời, lịch sử hoặc quan hệ nhiều dòng cần giữ; không gộp chỉ để giảm số lượng",Factor>0; không sửa bản đã dùng; CEM 50kg/bao chỉ cho CEM. Thiếu quy đổi bị ngăn.,"Nhập qua nguồn/phiếu một lần, lấy lại dữ kiện đã có; xác nhận thực và quyết định vẫn riêng"
D025,dung_chung.doi_tac,Giữ,dung_chung.doi_tac,"Có nguồn, vòng đời, lịch sử hoặc quan hệ nhiều dòng cần giữ; không gộp chỉ để giảm số lượng","Một đối tác nhiều vai trò, không sao chép riêng cho từng bộ phận; chưa rõ bên trả được để chờ.","Nhập qua nguồn/phiếu một lần, lấy lại dữ kiện đã có; xác nhận thực và quyết định vẫn riêng"
D026,dung_chung.lien_he_doi_tac,Giữ,dung_chung.lien_he_doi_tac,"Có nguồn, vòng đời, lịch sử hoặc quan hệ nhiều dòng cần giữ; không gộp chỉ để giảm số lượng",Địa chỉ giao lưu ảnh chụp trên đợt/đơn để thay liên hệ không sửa lịch sử.,"Nhập qua nguồn/phiếu một lần, lấy lại dữ kiện đã có; xác nhận thực và quyết định vẫn riêng"
D027,dung_chung.can_cu_dai_dien,Giữ,dung_chung.can_cu_dai_dien,"Có nguồn, vòng đời, lịch sử hoặc quan hệ nhiều dòng cần giữ; không gộp chỉ để giảm số lượng","Scope có thể trống nếu giấy đại diện chung; trả thay không quyền đổi/duyệt mẫu; kiểm đúng nguồn/thời hạn. ma_doi_tac là bên được đại diện; ma_doi_tac_dai_dien là tổ chức đại diện/trả thay nếu khác, contact là người ký căn cứ.","Nhập qua nguồn/phiếu một lần, lấy lại dữ kiện đã có; xác nhận thực và quyết định vẫn riêng"
D028,kinh_doanh.nhu_cau_khach_hang,Giữ và giản lược phần chung,kinh_doanh.nhu_cau_khach_hang,"Có nguồn, vòng đời, lịch sử hoặc quan hệ nhiều dòng cần giữ; không gộp chỉ để giảm số lượng",Nhu cầu chưa đủ không tự thành đơn; khách xuất khẩu chờ điều kiện. Đầu nghiệp vụ dùng cùng ma_dinh_danh với Chứng từ; không có mã đầu/bộ thông tin lập/phiên bản ghi riêng. Các vai trò nghiệp vụ thực vẫn có trường nguồn riêng.,"Nhập qua nguồn/phiếu một lần, lấy lại dữ kiện đã có; xác nhận thực và quyết định vẫn riêng"
D029,kinh_doanh.lan_tiep_nhan_nhu_cau,Gộp,dung_chung.trao_doi_va_ban_giao,Đầu/quan hệ/sự kiện cùng nguồn được lưu ở bảng hiện hành; dữ kiện và điều kiện theo loại vẫn riêng,"Một dòng có đúng loại tiếp nhận khách/giao việc/bàn giao dụng cụ. Tiếp nhận cần nội dung/kênh/mốc, không đòi bên nhận việc; giao việc cần bên nhận/phạm vi/hạn và xác nhận nhận; dụng cụ cần nhân viên/căn cứ/phiếu kho thực khi có hàng kho, không xuất lần hai. Quyền theo loại, không dùng ghi chú làm quyết định hoặc số liệu kho. Điều kiện nguồn Lần tiếp nhận nhu cầu: Nhiều kênh thuộc cùng inquiry, không tạo nhiều đơn tự động. Điều kiện nguồn Bàn giao bảo hộ dụng cụ: Hàng có kho liên kết phiếu thực đúng một lần; bàn giao không xuất thêm. Không phải hệ tài sản/khấu hao.","Nhập qua nguồn/phiếu một lần, lấy lại dữ kiện đã có; xác nhận thực và quyết định vẫn riêng"
D030,kinh_doanh.thong_so_tu_van,Gộp,kinh_doanh.dong_tu_van_bao_gia_va_don_hang,Đầu/quan hệ/sự kiện cùng nguồn được lưu ở bảng hiện hành; dữ kiện và điều kiện theo loại vẫn riêng,"Tư vấn trỏ nhu cầu, báo giá/đơn trỏ đầu thương mại: đúng một đầu theo giai_doan_dong. Tư vấn chưa bắt nhập giá/tiền/cọc; tính số viên từ diện tích/tham số, khách chốt có căn cứ riêng. Báo giá/đơn giữ lượng/quy cách/giá thỏa thuận theo bản; chuyển bước tạo dòng mới liên kết tư vấn gốc. Tổng giao/bán/thiếu không nhập tay. Điều kiện nguồn Thông số tư vấn: Diện tích, định mức viên/mét vuông và tỷ lệ dự phòng có nguồn khai báo. Số viên ước tính làm tròn lên khi xem; khách xác nhận lượng thì ghi riêng cùng chứng cứ. Phụ kiện là dòng riêng, dự phòng tư vấn không tự tăng định mức vật tư.","Nhập qua nguồn/phiếu một lần, lấy lại dữ kiện đã có; xác nhận thực và quyết định vẫn riêng"
D031,kinh_doanh.bao_gia_va_don_hang,Giữ và giản lược phần chung,kinh_doanh.bao_gia_va_don_hang,"Có nguồn, vòng đời, lịch sử hoặc quan hệ nhiều dòng cần giữ; không gộp chỉ để giảm số lượng","bên trả tiền/bên nhận hàng có thể khác buyer; ảnh chụp tên/địa chỉ/thỏa thuận ở chứng từ. Đơn liên kết báo giá, không sao giá động; thuế chưa mô phỏng không là 0%. Đầu nghiệp vụ dùng cùng ma_dinh_danh với Chứng từ; không có mã đầu/bộ thông tin lập/phiên bản ghi riêng. Các vai trò nghiệp vụ thực vẫn có trường nguồn riêng.","Nhập qua nguồn/phiếu một lần, lấy lại dữ kiện đã có; xác nhận thực và quyết định vẫn riêng"
D032,kinh_doanh.dong_bao_gia_va_don_hang,Giữ và giản lược phần chung,kinh_doanh.dong_tu_van_bao_gia_va_don_hang,"Có nguồn, vòng đời, lịch sử hoặc quan hệ nhiều dòng cần giữ; không gộp chỉ để giảm số lượng","Tư vấn trỏ nhu cầu, báo giá/đơn trỏ đầu thương mại: đúng một đầu theo giai_doan_dong. Tư vấn chưa bắt nhập giá/tiền/cọc; tính số viên từ diện tích/tham số, khách chốt có căn cứ riêng. Báo giá/đơn giữ lượng/quy cách/giá thỏa thuận theo bản; chuyển bước tạo dòng mới liên kết tư vấn gốc. Tổng giao/bán/thiếu không nhập tay. Điều kiện nguồn Thông số tư vấn: Diện tích, định mức viên/mét vuông và tỷ lệ dự phòng có nguồn khai báo. Số viên ước tính làm tròn lên khi xem; khách xác nhận lượng thì ghi riêng cùng chứng cứ. Phụ kiện là dòng riêng, dự phòng tư vấn không tự tăng định mức vật tư.","Nhập qua nguồn/phiếu một lần, lấy lại dữ kiện đã có; xác nhận thực và quyết định vẫn riêng"
D033,kinh_doanh.mau_khach_duyet,Giữ và giản lược phần chung,kinh_doanh.mau_khach_duyet,"Có nguồn, vòng đời, lịch sử hoặc quan hệ nhiều dòng cần giữ; không gộp chỉ để giảm số lượng","Mẫu tách lệnh/phiếu và lượng bán. Quan hệ quay vòng tạo qua nháp trong giao dịch nguyên tử, bắt buộc đủ FK khi duyệt; duyệt nội bộ không thay khách. Đầu nghiệp vụ dùng cùng ma_dinh_danh với Chứng từ; không có mã đầu/bộ thông tin lập/phiên bản ghi riêng. Các vai trò nghiệp vụ thực vẫn có trường nguồn riêng.","Nhập qua nguồn/phiếu một lần, lấy lại dữ kiện đã có; xác nhận thực và quyết định vẫn riêng"
D034,kinh_doanh.ho_so_thay_doi_va_xu_ly_thuong_mai,Giữ và giản lược phần chung,kinh_doanh.ho_so_xu_ly,"Có nguồn, vòng đời, lịch sử hoặc quan hệ nhiều dòng cần giữ; không gộp chỉ để giảm số lượng","Hồ sơ thương mại và chất lượng có loại/quyền/căn cứ khác nhau. Chất lượng dùng phiếu kiểm/phần lô/phương án/lượng được duyệt; thương mại dùng đơn/bán/khách/tiền. Khi một vụ việc cần cả hai tạo hai hồ sơ liên kết ma_ho_so_lien_quan, không dùng một quyết định thay quyết định khác. Các cột tiền/thương mại ẩn và bị chặn đọc với vai chỉ QC; lượng xử lý thực từ vận động/công đoạn, duyệt chưa giảm. Điều kiện nguồn Phương án xử lý chất lượng: Phương án xử lý do kiểm chất lượng đề nghị, có quyết định duyệt theo chứng từ. Lượng thực xử lý lấy từ vận động hàng hoặc công đoạn liên kết đúng phương án; tình trạng thực hiện chỉ tính khi xem. Duyệt tiêu hủy không giảm lượng; thu hồi chưa về không tăng kho. Đầu nghiệp vụ dùng cùng ma_dinh_danh với Chứng từ; không có mã đầu/bộ thông tin lập/phiên bản ghi riêng. Các vai trò nghiệp vụ thực vẫn có trường nguồn riêng.","Nhập qua nguồn/phiếu một lần, lấy lại dữ kiện đã có; xác nhận thực và quyết định vẫn riêng"
D035,mua_hang.don_mua_hang,Giữ và giản lược phần chung,mua_hang.don_mua_hang,"Có nguồn, vòng đời, lịch sử hoặc quan hệ nhiều dòng cần giữ; không gộp chỉ để giảm số lượng",Không bắt ba báo giá; duyệt đơn mua không có tồn/nợ/tiền; thay giá/lượng tạo bản mới. Đầu nghiệp vụ dùng cùng ma_dinh_danh với Chứng từ; không có mã đầu/bộ thông tin lập/phiên bản ghi riêng. Các vai trò nghiệp vụ thực vẫn có trường nguồn riêng.,"Nhập qua nguồn/phiếu một lần, lấy lại dữ kiện đã có; xác nhận thực và quyết định vẫn riêng"
D036,mua_hang.dong_don_mua_hang,Giữ và giản lược phần chung,mua_hang.dong_don_mua_hang,"Có nguồn, vòng đời, lịch sử hoặc quan hệ nhiều dòng cần giữ; không gộp chỉ để giảm số lượng","Lượng đặt nhập theo đơn vị thỏa thuận; lượng cơ sở tính từ đúng hệ số quy đổi đã lưu ở lần ký, không giữ cột tổng cơ sở độc lập. Đối chiếu nhận theo dòng và phiên bản; giá mua không tự thành tiền đã chi.","Nhập qua nguồn/phiếu một lần, lấy lại dữ kiện đã có; xác nhận thực và quyết định vẫn riêng"
D037,mua_hang.phan_bo_hang_dang_ve,Gộp,kho.su_kien_giu_khoa_va_dang_ve,Đầu/quan hệ/sự kiện cùng nguồn được lưu ở bảng hiện hành; dữ kiện và điều kiện theo loại vẫn riêng,"Giữ tồn cần yêu cầu/phần lô/vị trí/lượng; dùng/giải phóng/mất hiệu lực nối sự kiện giữ gốc. Khóa chất lượng cần phần lô/căn cứ QC/người có quyền; bỏ khóa nối khóa gốc, không dùng quyền kho để bỏ khóa. Khóa một phần phải chia phần trước; nhiều khóa không nhân lượng bị khóa, chỉ dùng sau hết mọi khóa. Giữ đang về cần dòng mua/yêu cầu/lượng, không có phần lô thực và không cộng tồn. Ba loại nguồn có điều kiện và quyền riêng; không được tự giữ từ số thiếu hoặc tự coi QC đạt. Xác nhận khóa và mất hiệu lực giữ cùng giao dịch. Điều kiện nguồn Phân bổ hàng đang về: Dành hàng đang về không vượt phần còn của đơn mua và nhu cầu có căn cứ. Mốc bắt đầu/kết thúc do người phụ trách xác nhận; phần hoàn tất tính từ phiếu nhận liên quan, không nạp trạng thái đã đáp ứng. Điều kiện nguồn Sự kiện khóa chất lượng: Khóa toàn portion; khóa một phần phải split lượng trước. giải phóng trỏ khóa gốc và cần kiểm chất lượng đủ điều kiện; còn khóa khác vẫn khóa. Khóa không giảm tồn nhưng mất hiệu lực giữ giữ hợp lệ.","Nhập qua nguồn/phiếu một lần, lấy lại dữ kiện đã có; xác nhận thực và quyết định vẫn riêng"
D038,kho.lo_hang,Giữ,kho.lo_hang,"Có nguồn, vòng đời, lịch sử hoặc quan hệ nhiều dòng cần giữ; không gộp chỉ để giảm số lượng","Duy nhất bộ dữ liệu+ma_nghiep_vu; chưa rõ có nhãn, không bịa nguồn. Lô có nhiều phần/vị trí; hạn có thể trống khi chưa xác định.","Nhập qua nguồn/phiếu một lần, lấy lại dữ kiện đã có; xác nhận thực và quyết định vẫn riêng"
D039,kho.phan_lo_hang,Giữ,kho.phan_lo_hang,"Có nguồn, vòng đời, lịch sử hoặc quan hệ nhiều dòng cần giữ; không gộp chỉ để giảm số lượng","Không lưu lượng tồn tại đây. Tách phần chỉ bởi vận động cùng giao dịch nguyên tử, không tự sinh lượng. Giữ chất lượng riêng với vị trí/khóa; nhiều khóa cùng phần thì hết mọi khóa mới dùng.","Nhập qua nguồn/phiếu một lần, lấy lại dữ kiện đã có; xác nhận thực và quyết định vẫn riêng"
D040,kho.phieu_van_dong_hang,Gộp,dung_chung.chung_tu,Đầu/quan hệ/sự kiện cùng nguồn được lưu ở bảng hiện hành; dữ kiện và điều kiện theo loại vẫn riêng,"Đầu chung là nơi sở hữu mã/bản, người lập, thời điểm tạo, nhật ký và chống ghi đồng thời. Các đầu kho/kiểm kê/ghi bán/chốt giá thành/công người-ngày trước đây lưu ngay đây theo loai. Mọi trường riêng chỉ dùng cho đúng loại: kho cần loại vận động/thời điểm/thứ tự/ghi sổ; kiểm kê cần mốc/phạm vi/ngừng giao dịch/người đếm-kiểm; bán cần đơn/phương án/thực hiện; chốt giá thành cần lô/chính sách/quyết định; công cần người/ngày-ca/kỳ/nguồn/xác nhận. Bản đã dùng bất biến, nguồn điều chỉnh nối gốc. Một chứng từ có đúng một loại, các trường không áp dụng phải trống, không tạo đầu nghiệp vụ thứ hai. Điều kiện nguồn Phiếu vận động hàng: đã ghi sổ mới tác động lượng. Phiếu xưởng tổ trưởng xác nhận phạm vi sản xuất; kho không tự sửa công/thực dùng. Không ghi lùi trước mốc/biến động liên quan. Điều kiện nguồn Biên bản kiểm kê: Đóng giao dịch phần đếm hoặc ghi đối chiếu giữa hai mốc; duyệt không tự điều chỉnh. Điều kiện nguồn Chứng từ ghi nhận bán: Sale thường chỉ sau chấp nhận; giảm bán/tăng bán có căn cứ và quyết định; không hóa đơn pháp lý. Điều kiện nguồn Bản chốt giá thành: Bản chốt lưu quyết định và danh sách phân bổ/nguồn đúng phiên bản. Tổng giá thành, lượng đạt và danh sách thiếu được tính khi đọc từ nguồn đã liên kết, không có cột tổng nhập tay. Chưa đủ lượng, lỗi và nguồn thì giữ tạm tính. Điều kiện nguồn Bản công người ngày ca: Duy nhất người/ngày/ca/bản; chỉ một bản hiện hành có hiệu lực. Thiếu nguồn giữ chờ xử lý; sửa sau chốt thêm bản điều chỉnh, không xóa công cũ.","Nhập qua nguồn/phiếu một lần, lấy lại dữ kiện đã có; xác nhận thực và quyết định vẫn riêng"
D041,kho.dong_van_dong_hang,Giữ và giản lược phần chung,kho.dong_van_dong_hang,"Có nguồn, vòng đời, lịch sử hoặc quan hệ nhiều dòng cần giữ; không gộp chỉ để giảm số lượng","Lượng qua hai đầu trách nhiệm, chỉ ghi sổ khi nguồn đủ và xác nhận thực. Thực dùng/hao hụt là dòng vận động có công đoạn và dòng cấp gốc, không có bản lượng vật tư thực dùng thứ hai. Cấp=dùng+hao hụt+hoàn+còn tại xưởng. Chuyển đủ hai đầu; nhập ngoài/tiêu dùng/xuất ngoài có hình thái riêng; không âm/khóa/sai đơn vị/nguồn. Đảo nguồn kiểm phụ thuộc. Điều kiện nguồn Vật tư thực dùng: Một thực dùng vận động chỉ gắn một dùng phép. Cấp=đã dùng+hao hụt+đã hoàn+còn tại xưởng; dùng phép không sinh xuất lần hai. Hoàn theo phiếu kho, không thêm bản hoàn độc lập.","Nhập qua nguồn/phiếu một lần, lấy lại dữ kiện đã có; xác nhận thực và quyết định vẫn riêng"
D042,kho.yeu_cau_hang_va_vat_tu,Giữ và giản lược phần chung,kho.yeu_cau_hang_va_vat_tu,"Có nguồn, vòng đời, lịch sử hoặc quan hệ nhiều dòng cần giữ; không gộp chỉ để giảm số lượng",Mỗi yêu cầu phải trỏ chứng từ và dòng nguồn đúng bản. Nhu cầu mua tương lai cần chứng từ riêng được duyệt; mã OTHER-001 trong bộ kiểm cũ chưa kèm hồ sơ duyệt đầy đủ nên không được nạp như nhu cầu hợp lệ. Đổi yêu cầu có bản thay; không xóa sự kiện giữ hay giao cũ.,"Nhập qua nguồn/phiếu một lần, lấy lại dữ kiện đã có; xác nhận thực và quyết định vẫn riêng"
D043,kho.su_kien_giu_hang,Giữ,kho.su_kien_giu_khoa_va_dang_ve,"Có nguồn, vòng đời, lịch sử hoặc quan hệ nhiều dòng cần giữ; không gộp chỉ để giảm số lượng","Giữ tồn cần yêu cầu/phần lô/vị trí/lượng; dùng/giải phóng/mất hiệu lực nối sự kiện giữ gốc. Khóa chất lượng cần phần lô/căn cứ QC/người có quyền; bỏ khóa nối khóa gốc, không dùng quyền kho để bỏ khóa. Khóa một phần phải chia phần trước; nhiều khóa không nhân lượng bị khóa, chỉ dùng sau hết mọi khóa. Giữ đang về cần dòng mua/yêu cầu/lượng, không có phần lô thực và không cộng tồn. Ba loại nguồn có điều kiện và quyền riêng; không được tự giữ từ số thiếu hoặc tự coi QC đạt. Xác nhận khóa và mất hiệu lực giữ cùng giao dịch. Điều kiện nguồn Phân bổ hàng đang về: Dành hàng đang về không vượt phần còn của đơn mua và nhu cầu có căn cứ. Mốc bắt đầu/kết thúc do người phụ trách xác nhận; phần hoàn tất tính từ phiếu nhận liên quan, không nạp trạng thái đã đáp ứng. Điều kiện nguồn Sự kiện khóa chất lượng: Khóa toàn portion; khóa một phần phải split lượng trước. giải phóng trỏ khóa gốc và cần kiểm chất lượng đủ điều kiện; còn khóa khác vẫn khóa. Khóa không giảm tồn nhưng mất hiệu lực giữ giữ hợp lệ.","Nhập qua nguồn/phiếu một lần, lấy lại dữ kiện đã có; xác nhận thực và quyết định vẫn riêng"
D044,kho.bien_ban_kiem_ke,Gộp,dung_chung.chung_tu,Đầu/quan hệ/sự kiện cùng nguồn được lưu ở bảng hiện hành; dữ kiện và điều kiện theo loại vẫn riêng,"Đầu chung là nơi sở hữu mã/bản, người lập, thời điểm tạo, nhật ký và chống ghi đồng thời. Các đầu kho/kiểm kê/ghi bán/chốt giá thành/công người-ngày trước đây lưu ngay đây theo loai. Mọi trường riêng chỉ dùng cho đúng loại: kho cần loại vận động/thời điểm/thứ tự/ghi sổ; kiểm kê cần mốc/phạm vi/ngừng giao dịch/người đếm-kiểm; bán cần đơn/phương án/thực hiện; chốt giá thành cần lô/chính sách/quyết định; công cần người/ngày-ca/kỳ/nguồn/xác nhận. Bản đã dùng bất biến, nguồn điều chỉnh nối gốc. Một chứng từ có đúng một loại, các trường không áp dụng phải trống, không tạo đầu nghiệp vụ thứ hai. Điều kiện nguồn Phiếu vận động hàng: đã ghi sổ mới tác động lượng. Phiếu xưởng tổ trưởng xác nhận phạm vi sản xuất; kho không tự sửa công/thực dùng. Không ghi lùi trước mốc/biến động liên quan. Điều kiện nguồn Biên bản kiểm kê: Đóng giao dịch phần đếm hoặc ghi đối chiếu giữa hai mốc; duyệt không tự điều chỉnh. Điều kiện nguồn Chứng từ ghi nhận bán: Sale thường chỉ sau chấp nhận; giảm bán/tăng bán có căn cứ và quyết định; không hóa đơn pháp lý. Điều kiện nguồn Bản chốt giá thành: Bản chốt lưu quyết định và danh sách phân bổ/nguồn đúng phiên bản. Tổng giá thành, lượng đạt và danh sách thiếu được tính khi đọc từ nguồn đã liên kết, không có cột tổng nhập tay. Chưa đủ lượng, lỗi và nguồn thì giữ tạm tính. Điều kiện nguồn Bản công người ngày ca: Duy nhất người/ngày/ca/bản; chỉ một bản hiện hành có hiệu lực. Thiếu nguồn giữ chờ xử lý; sửa sau chốt thêm bản điều chỉnh, không xóa công cũ.","Nhập qua nguồn/phiếu một lần, lấy lại dữ kiện đã có; xác nhận thực và quyết định vẫn riêng"
D045,kho.dong_kiem_ke,Giữ và giản lược phần chung,kho.dong_kiem_ke,"Có nguồn, vòng đời, lịch sử hoặc quan hệ nhiều dòng cần giữ; không gộp chỉ để giảm số lượng","Book bản lưu tại mốc có cutoff/thu_tu, chênh tính ra; điều chỉnh có nguồn, không sửa book để khớp.","Nhập qua nguồn/phiếu một lần, lấy lại dữ kiện đã có; xác nhận thực và quyết định vẫn riêng"
D046,san_xuat.phien_ban_dinh_muc_san_xuat,Giữ và giản lược phần chung,san_xuat.phien_ban_dinh_muc_san_xuat,"Có nguồn, vòng đời, lịch sử hoặc quan hệ nhiều dòng cần giữ; không gộp chỉ để giảm số lượng","Bản đã dùng bất biến, tỷ lệ chỉ kế hoạch; cùng mã không chồng hiệu lực. Đầu nghiệp vụ dùng cùng ma_dinh_danh với Chứng từ; không có mã đầu/bộ thông tin lập/phiên bản ghi riêng. Các vai trò nghiệp vụ thực vẫn có trường nguồn riêng.","Nhập qua nguồn/phiếu một lần, lấy lại dữ kiện đã có; xác nhận thực và quyết định vẫn riêng"
D047,san_xuat.dong_dinh_muc_vat_tu,Giữ và giản lược phần chung,san_xuat.dong_dinh_muc_vat_tu,"Có nguồn, vòng đời, lịch sử hoặc quan hệ nhiều dòng cần giữ; không gộp chỉ để giảm số lượng","Qty>0, đúng dai_luong, không cộng dự phòng hai lần.","Nhập qua nguồn/phiếu một lần, lấy lại dữ kiện đã có; xác nhận thực và quyết định vẫn riêng"
D048,san_xuat.nguon_luc_san_xuat,Giữ,san_xuat.nguon_luc_san_xuat,"Có nguồn, vòng đời, lịch sử hoặc quan hệ nhiều dòng cần giữ; không gộp chỉ để giảm số lượng","Một xưởng, nhiều nguồn; chỗ dưỡng hộ 8.000 là giới hạn lượng, khác giờ máy.","Nhập qua nguồn/phiếu một lần, lấy lại dữ kiện đã có; xác nhận thực và quyết định vẫn riêng"
D049,san_xuat.lenh_san_xuat,Giữ và giản lược phần chung,san_xuat.lenh_san_xuat,"Có nguồn, vòng đời, lịch sử hoặc quan hệ nhiều dòng cần giữ; không gộp chỉ để giảm số lượng","Làm sẵn có quyết định sản xuất riêng, không tạo đơn khách giả. Ưu tiên cần người quyết định và lý do. Mẫu/cọc/vật tư đủ trước thực hiện. Tiến độ tính từ công đoạn/kiểm chất lượng; chốt lệnh có chứng từ quyết định riêng sau đối chiếu dở dang/lỗi/chi phí. Đầu nghiệp vụ dùng cùng ma_dinh_danh với Chứng từ; không có mã đầu/bộ thông tin lập/phiên bản ghi riêng. Các vai trò nghiệp vụ thực vẫn có trường nguồn riêng.","Nhập qua nguồn/phiếu một lần, lấy lại dữ kiện đã có; xác nhận thực và quyết định vẫn riêng"
D050,san_xuat.lo_san_xuat,Giữ,san_xuat.lo_san_xuat,"Có nguồn, vòng đời, lịch sử hoặc quan hệ nhiều dòng cần giữ; không gộp chỉ để giảm số lượng","Kế hoạch là khai báo dự kiến; thực bắt đầu/hoàn thành lấy từ công đoạn, lượng đạt/lỗi lấy từ kiểm chất lượng. Tiến độ tính từ những sự kiện này, không nhập cột trạng thái lô tổng hợp. Lô thành phẩm liên kết đúng lô sản xuất.","Nhập qua nguồn/phiếu một lần, lấy lại dữ kiện đã có; xác nhận thực và quyết định vẫn riêng"
D051,san_xuat.cong_doan_san_xuat,Giữ và giản lược phần chung,san_xuat.cong_doan_san_xuat,"Có nguồn, vòng đời, lịch sử hoặc quan hệ nhiều dòng cần giữ; không gộp chỉ để giảm số lượng",Bắt đầu/kết thúc và lượng thực có người ghi/xác nhận. Phần chưa hoàn thành tính từ thực bắt đầu trừ thực hoàn thành. Trạng thái thao tác cần mốc/lý do; không tự coi lượng kế hoạch là thực tế. Thời gian chờ sản phẩm không sinh công người. Đầu nghiệp vụ dùng cùng ma_dinh_danh với Chứng từ; không có mã đầu/bộ thông tin lập/phiên bản ghi riêng. Các vai trò nghiệp vụ thực vẫn có trường nguồn riêng.,"Nhập qua nguồn/phiếu một lần, lấy lại dữ kiện đã có; xác nhận thực và quyết định vẫn riêng"
D052,san_xuat.lich_va_su_dung_nguon_luc,Giữ,san_xuat.lich_nguoi_va_nguon_luc,"Có nguồn, vòng đời, lịch sử hoặc quan hệ nhiều dòng cần giữ; không gộp chỉ để giảm số lượng","Một dòng có đúng đối tượng nguồn lực hoặc nhân viên. Máy/chỗ giữ dùng ma_nguon_luc và lượng chiếm chỗ/phút thực; người dùng ma_nhan_vien/ngày-ca, chỉ lịch dự kiến. Công người thực nằm ở khoảng công; không nhân giờ người thành giờ máy. Kiểm chồng giờ/nghỉ/kỹ năng/hiệu lực và tổng sức chứa. Bản sửa nối lịch gốc. Điều kiện nguồn Phân công dự kiến: Operation có thể trống nếu không SX; không trùng người/nghỉ; đủ qualification và người dang_su_dung; dự kiến không làm công thực.","Nhập qua nguồn/phiếu một lần, lấy lại dữ kiện đã có; xác nhận thực và quyết định vẫn riêng"
D053,san_xuat.vat_tu_thuc_dung,Gộp,kho.dong_van_dong_hang,Đầu/quan hệ/sự kiện cùng nguồn được lưu ở bảng hiện hành; dữ kiện và điều kiện theo loại vẫn riêng,"Lượng qua hai đầu trách nhiệm, chỉ ghi sổ khi nguồn đủ và xác nhận thực. Thực dùng/hao hụt là dòng vận động có công đoạn và dòng cấp gốc, không có bản lượng vật tư thực dùng thứ hai. Cấp=dùng+hao hụt+hoàn+còn tại xưởng. Chuyển đủ hai đầu; nhập ngoài/tiêu dùng/xuất ngoài có hình thái riêng; không âm/khóa/sai đơn vị/nguồn. Đảo nguồn kiểm phụ thuộc. Điều kiện nguồn Vật tư thực dùng: Một thực dùng vận động chỉ gắn một dùng phép. Cấp=đã dùng+hao hụt+đã hoàn+còn tại xưởng; dùng phép không sinh xuất lần hai. Hoàn theo phiếu kho, không thêm bản hoàn độc lập.","Nhập qua nguồn/phiếu một lần, lấy lại dữ kiện đã có; xác nhận thực và quyết định vẫn riêng"
D054,chat_luong.phieu_kiem_tra_chat_luong,Giữ và giản lược phần chung,chat_luong.phieu_kiem_tra_chat_luong,"Có nguồn, vòng đời, lịch sử hoặc quan hệ nhiều dòng cần giữ; không gộp chỉ để giảm số lượng","Good+lỗi+chờ xử lý đối chiếu nguồn và phạm vi; mẫu chưa có luật không suy rộng. Không ghi đạt từ ty_le_dat_du_kien. Phân phần kho đồng thời qua kho vận động. Các chi tiết thuộc bảng con, tự nối đúng bản cha trong cùng biểu mẫu; không bắt tạo một công việc/phiếu riêng cho mỗi dòng. Đầu nghiệp vụ dùng cùng ma_dinh_danh với Chứng từ; không có mã đầu/bộ thông tin lập/phiên bản ghi riêng. Các vai trò nghiệp vụ thực vẫn có trường nguồn riêng.","Nhập qua nguồn/phiếu một lần, lấy lại dữ kiện đã có; xác nhận thực và quyết định vẫn riêng"
D055,chat_luong.ket_qua_tung_tieu_chi_kiem_tra,Giữ,chat_luong.ket_qua_tung_tieu_chi_kiem_tra,"Có nguồn, vòng đời, lịch sử hoặc quan hệ nhiều dòng cần giữ; không gộp chỉ để giảm số lượng","Từ danh sách tiêu chí đóng đúng so_phien_ban; số đo chiều và số viên lỗi khác nhau; lỗi có thể chồng loại, không cộng lỗi theo loại thay lượng lỗi.","Nhập qua nguồn/phiếu một lần, lấy lại dữ kiện đã có; xác nhận thực và quyết định vẫn riêng"
D056,chat_luong.su_kien_khoa_chat_luong,Gộp,kho.su_kien_giu_khoa_va_dang_ve,Đầu/quan hệ/sự kiện cùng nguồn được lưu ở bảng hiện hành; dữ kiện và điều kiện theo loại vẫn riêng,"Giữ tồn cần yêu cầu/phần lô/vị trí/lượng; dùng/giải phóng/mất hiệu lực nối sự kiện giữ gốc. Khóa chất lượng cần phần lô/căn cứ QC/người có quyền; bỏ khóa nối khóa gốc, không dùng quyền kho để bỏ khóa. Khóa một phần phải chia phần trước; nhiều khóa không nhân lượng bị khóa, chỉ dùng sau hết mọi khóa. Giữ đang về cần dòng mua/yêu cầu/lượng, không có phần lô thực và không cộng tồn. Ba loại nguồn có điều kiện và quyền riêng; không được tự giữ từ số thiếu hoặc tự coi QC đạt. Xác nhận khóa và mất hiệu lực giữ cùng giao dịch. Điều kiện nguồn Phân bổ hàng đang về: Dành hàng đang về không vượt phần còn của đơn mua và nhu cầu có căn cứ. Mốc bắt đầu/kết thúc do người phụ trách xác nhận; phần hoàn tất tính từ phiếu nhận liên quan, không nạp trạng thái đã đáp ứng. Điều kiện nguồn Sự kiện khóa chất lượng: Khóa toàn portion; khóa một phần phải split lượng trước. giải phóng trỏ khóa gốc và cần kiểm chất lượng đủ điều kiện; còn khóa khác vẫn khóa. Khóa không giảm tồn nhưng mất hiệu lực giữ giữ hợp lệ.","Nhập qua nguồn/phiếu một lần, lấy lại dữ kiện đã có; xác nhận thực và quyết định vẫn riêng"
D057,chat_luong.phuong_an_xu_ly_chat_luong,Gộp,kinh_doanh.ho_so_xu_ly,Đầu/quan hệ/sự kiện cùng nguồn được lưu ở bảng hiện hành; dữ kiện và điều kiện theo loại vẫn riêng,"Hồ sơ thương mại và chất lượng có loại/quyền/căn cứ khác nhau. Chất lượng dùng phiếu kiểm/phần lô/phương án/lượng được duyệt; thương mại dùng đơn/bán/khách/tiền. Khi một vụ việc cần cả hai tạo hai hồ sơ liên kết ma_ho_so_lien_quan, không dùng một quyết định thay quyết định khác. Các cột tiền/thương mại ẩn và bị chặn đọc với vai chỉ QC; lượng xử lý thực từ vận động/công đoạn, duyệt chưa giảm. Điều kiện nguồn Phương án xử lý chất lượng: Phương án xử lý do kiểm chất lượng đề nghị, có quyết định duyệt theo chứng từ. Lượng thực xử lý lấy từ vận động hàng hoặc công đoạn liên kết đúng phương án; tình trạng thực hiện chỉ tính khi xem. Duyệt tiêu hủy không giảm lượng; thu hồi chưa về không tăng kho. Đầu nghiệp vụ dùng cùng ma_dinh_danh với Chứng từ; không có mã đầu/bộ thông tin lập/phiên bản ghi riêng. Các vai trò nghiệp vụ thực vẫn có trường nguồn riêng.","Nhập qua nguồn/phiếu một lần, lấy lại dữ kiện đã có; xác nhận thực và quyết định vẫn riêng"
D058,giao_hang.dot_giao_hang,Giữ và giản lược phần chung,giao_hang.dot_giao_hang,"Có nguồn, vòng đời, lịch sử hoặc quan hệ nhiều dòng cần giữ; không gộp chỉ để giảm số lượng","Địa chỉ và phương án giao là thỏa thuận. Mốc rời kho/nhận hàng có nguồn phiếu xuất và xác nhận khách; đã giao bao nhiêu, đang giao và tranh chấp dựng từ dòng giao/nhận và hồ sơ xử lý. Không lưu trạng thái giao tổng hợp để ép hoàn thành; khách nhận chưa tự ghi bán. Đầu nghiệp vụ dùng cùng ma_dinh_danh với Chứng từ; không có mã đầu/bộ thông tin lập/phiên bản ghi riêng. Các vai trò nghiệp vụ thực vẫn có trường nguồn riêng.","Nhập qua nguồn/phiếu một lần, lấy lại dữ kiện đã có; xác nhận thực và quyết định vẫn riêng"
D059,giao_hang.dong_giao_hang,Giữ và giản lược phần chung,giao_hang.dong_giao_va_nhan_hang,"Có nguồn, vòng đời, lịch sử hoặc quan hệ nhiều dòng cần giữ; không gộp chỉ để giảm số lượng","Dòng giao_du_kien trỏ đợt/đơn/phiếu xuất, không tự có khách nhận; dòng nhan_thuc trỏ dòng dự kiến gốc và giữ lượng thực nhận/chấp nhận/từ chối/căn cứ/mốc. FK gốc phải đúng loại giao_du_kien, cùng đợt/đơn/nguồn; tổng nhận không vượt thực xuất chưa ghi nhận. Đã chấp nhận+từ chối=đã nhận, hư hỏng nằm trong từ chối nếu áp dụng. Chứng từ bán chỉ tham chiếu dòng nhan_thuc đủ điều kiện; không xuất lần hai. Điều kiện nguồn Xác nhận khách nhận hàng: Tổng nhận không vượt thực xuất chưa ghi nhận; đã chấp nhận+refused=đã nhận, damaged là phân loại trong refused nếu áp dụng, không cộng đôi. Giữ lượng thiếu/đang giao riêng.","Nhập qua nguồn/phiếu một lần, lấy lại dữ kiện đã có; xác nhận thực và quyết định vẫn riêng"
D060,giao_hang.xac_nhan_khach_nhan_hang,Gộp,giao_hang.dong_giao_va_nhan_hang,Đầu/quan hệ/sự kiện cùng nguồn được lưu ở bảng hiện hành; dữ kiện và điều kiện theo loại vẫn riêng,"Dòng giao_du_kien trỏ đợt/đơn/phiếu xuất, không tự có khách nhận; dòng nhan_thuc trỏ dòng dự kiến gốc và giữ lượng thực nhận/chấp nhận/từ chối/căn cứ/mốc. FK gốc phải đúng loại giao_du_kien, cùng đợt/đơn/nguồn; tổng nhận không vượt thực xuất chưa ghi nhận. Đã chấp nhận+từ chối=đã nhận, hư hỏng nằm trong từ chối nếu áp dụng. Chứng từ bán chỉ tham chiếu dòng nhan_thuc đủ điều kiện; không xuất lần hai. Điều kiện nguồn Xác nhận khách nhận hàng: Tổng nhận không vượt thực xuất chưa ghi nhận; đã chấp nhận+refused=đã nhận, damaged là phân loại trong refused nếu áp dụng, không cộng đôi. Giữ lượng thiếu/đang giao riêng.","Nhập qua nguồn/phiếu một lần, lấy lại dữ kiện đã có; xác nhận thực và quyết định vẫn riêng"
D061,tai_chinh.quy_va_tai_khoan_tien,Giữ,tai_chinh.quy_va_tai_khoan_tien,"Có nguồn, vòng đời, lịch sử hoặc quan hệ nhiều dòng cần giữ; không gộp chỉ để giảm số lượng",Không có cột số dư sửa tay; không tự thấu chi.,"Nhập qua nguồn/phiếu một lần, lấy lại dữ kiện đã có; xác nhận thực và quyết định vẫn riêng"
D062,tai_chinh.de_nghi_chi_tien,Giữ và giản lược phần chung,tai_chinh.de_nghi_chi_tien,"Có nguồn, vòng đời, lịch sử hoặc quan hệ nhiều dòng cần giữ; không gộp chỉ để giảm số lượng","Số tiền đề nghị có chủ thể và mục đích; duyệt từ quyết định riêng, chưa làm tiền giảm. Phần đã chi/còn chi tính từ biến động tiền được xác nhận, không có trạng thái đã trả nhập tay. Chi không vượt số được duyệt và số dư. Đầu nghiệp vụ dùng cùng ma_dinh_danh với Chứng từ; không có mã đầu/bộ thông tin lập/phiên bản ghi riêng. Các vai trò nghiệp vụ thực vẫn có trường nguồn riêng.","Nhập qua nguồn/phiếu một lần, lấy lại dữ kiện đã có; xác nhận thực và quyết định vẫn riêng"
D063,tai_chinh.bien_dong_tien_thuc,Giữ và giản lược phần chung,tai_chinh.bien_dong_tien_thuc,"Có nguồn, vòng đời, lịch sử hoặc quan hệ nhiều dòng cần giữ; không gộp chỉ để giảm số lượng","Amount>0, thực tế chứng cứ; đầu kỳ riêng không doanh thu. Out cần request/duyệt và đủ số dư. Transfer hai đầu cùng khóa/giao dịch nguyên tử. Thu chưa rõ cho party null và không được phân bổ. Chỉ đã ghi sổ có tiền thực; nháp không vào sổ hoặc nguồn phân bổ. ma_doi_tac/ma_nhan_vien ghi bên trả hoặc nhận thực, không đổi thành chủ nghĩa vụ khi trả thay.","Nhập qua nguồn/phiếu một lần, lấy lại dữ kiện đã có; xác nhận thực và quyết định vẫn riêng"
D064,tai_chinh.nghia_vu_thanh_toan,Giữ,tai_chinh.nghia_vu_va_dieu_chinh,"Có nguồn, vòng đời, lịch sử hoặc quan hệ nhiều dòng cần giữ; không gộp chỉ để giảm số lượng","Bản xac_lap giữ chủ, số gốc, hạn, dòng nguồn đủ điều kiện; điều chỉnh tiền/đổi hạn là bản thêm nối gốc đúng chủ/loại/bộ, không sao số gốc hoặc lập lại nghĩa vụ. Dòng đổi hạn không có tiền; dòng điều chỉnh tiền có chiều/số tiền/căn cứ/duyệt. Phân bổ tiền chỉ trỏ bản xac_lap. Nợ tại mốc=gốc±điều chỉnh−sử dụng tiền hợp lệ; phải trả mua chỉ sau đối chiếu, lương chưa duyệt chưa được phép chi. Điều kiện nguồn Điều chỉnh nghĩa vụ: Số gốc bất biến, phần điều chỉnh có nguồn bán/đối chiếu/phương án; không giảm quá còn hợp lệ. Chuyển phần đã thu thành nghĩa vụ hoàn phải tái phân loại ứng có căn cứ. Amount_change bắt chieu_tang_giam/so_tien>0; đổi hạn chỉ ngay_den_han_moi, không đổi tiền; due tại mốc dựng từ ngày gốc và sự kiện được duyệt, không sửa gốc.","Nhập qua nguồn/phiếu một lần, lấy lại dữ kiện đã có; xác nhận thực và quyết định vẫn riêng"
D065,tai_chinh.dieu_chinh_nghia_vu,Gộp,tai_chinh.nghia_vu_va_dieu_chinh,Đầu/quan hệ/sự kiện cùng nguồn được lưu ở bảng hiện hành; dữ kiện và điều kiện theo loại vẫn riêng,"Bản xac_lap giữ chủ, số gốc, hạn, dòng nguồn đủ điều kiện; điều chỉnh tiền/đổi hạn là bản thêm nối gốc đúng chủ/loại/bộ, không sao số gốc hoặc lập lại nghĩa vụ. Dòng đổi hạn không có tiền; dòng điều chỉnh tiền có chiều/số tiền/căn cứ/duyệt. Phân bổ tiền chỉ trỏ bản xac_lap. Nợ tại mốc=gốc±điều chỉnh−sử dụng tiền hợp lệ; phải trả mua chỉ sau đối chiếu, lương chưa duyệt chưa được phép chi. Điều kiện nguồn Điều chỉnh nghĩa vụ: Số gốc bất biến, phần điều chỉnh có nguồn bán/đối chiếu/phương án; không giảm quá còn hợp lệ. Chuyển phần đã thu thành nghĩa vụ hoàn phải tái phân loại ứng có căn cứ. Amount_change bắt chieu_tang_giam/so_tien>0; đổi hạn chỉ ngay_den_han_moi, không đổi tiền; due tại mốc dựng từ ngày gốc và sự kiện được duyệt, không sửa gốc.","Nhập qua nguồn/phiếu một lần, lấy lại dữ kiện đã có; xác nhận thực và quyết định vẫn riêng"
D066,tai_chinh.su_kien_su_dung_nguon_tien,Giữ,tai_chinh.su_kien_su_dung_nguon_tien,"Có nguồn, vòng đời, lịch sử hoặc quan hệ nhiều dòng cần giữ; không gộp chỉ để giảm số lượng","Chỉ sử dụng tiền thanh toán đúng bên/hướng; tiền chưa dùng trừ cả phần bị giữ hoàn. Reverse không thu/chi mới. Consume_refund nối thực chi để phần thu cũ không trở lại khả dụng. Tổng không vượt nguồn/nghĩa vụ. tiền mặt.ma_doi_tac là người trả/nhận thực, obligation.ma_doi_tac là chủ nghĩa vụ; nếu khác bắt authority đúng represented party/agent/nguồn. Nguồn chưa rõ phải có hồ sơ đối chiếu xác định chủ trước sử dụng tiền thanh toán, không sửa tiền thực.","Nhập qua nguồn/phiếu một lần, lấy lại dữ kiện đã có; xác nhận thực và quyết định vẫn riêng"
D067,tai_chinh.chung_tu_ghi_nhan_ban,Gộp,dung_chung.chung_tu,Đầu/quan hệ/sự kiện cùng nguồn được lưu ở bảng hiện hành; dữ kiện và điều kiện theo loại vẫn riêng,"Đầu chung là nơi sở hữu mã/bản, người lập, thời điểm tạo, nhật ký và chống ghi đồng thời. Các đầu kho/kiểm kê/ghi bán/chốt giá thành/công người-ngày trước đây lưu ngay đây theo loai. Mọi trường riêng chỉ dùng cho đúng loại: kho cần loại vận động/thời điểm/thứ tự/ghi sổ; kiểm kê cần mốc/phạm vi/ngừng giao dịch/người đếm-kiểm; bán cần đơn/phương án/thực hiện; chốt giá thành cần lô/chính sách/quyết định; công cần người/ngày-ca/kỳ/nguồn/xác nhận. Bản đã dùng bất biến, nguồn điều chỉnh nối gốc. Một chứng từ có đúng một loại, các trường không áp dụng phải trống, không tạo đầu nghiệp vụ thứ hai. Điều kiện nguồn Phiếu vận động hàng: đã ghi sổ mới tác động lượng. Phiếu xưởng tổ trưởng xác nhận phạm vi sản xuất; kho không tự sửa công/thực dùng. Không ghi lùi trước mốc/biến động liên quan. Điều kiện nguồn Biên bản kiểm kê: Đóng giao dịch phần đếm hoặc ghi đối chiếu giữa hai mốc; duyệt không tự điều chỉnh. Điều kiện nguồn Chứng từ ghi nhận bán: Sale thường chỉ sau chấp nhận; giảm bán/tăng bán có căn cứ và quyết định; không hóa đơn pháp lý. Điều kiện nguồn Bản chốt giá thành: Bản chốt lưu quyết định và danh sách phân bổ/nguồn đúng phiên bản. Tổng giá thành, lượng đạt và danh sách thiếu được tính khi đọc từ nguồn đã liên kết, không có cột tổng nhập tay. Chưa đủ lượng, lỗi và nguồn thì giữ tạm tính. Điều kiện nguồn Bản công người ngày ca: Duy nhất người/ngày/ca/bản; chỉ một bản hiện hành có hiệu lực. Thiếu nguồn giữ chờ xử lý; sửa sau chốt thêm bản điều chỉnh, không xóa công cũ.","Nhập qua nguồn/phiếu một lần, lấy lại dữ kiện đã có; xác nhận thực và quyết định vẫn riêng"
D068,tai_chinh.dong_ghi_nhan_ban,Giữ và giản lược phần chung,tai_chinh.dong_ghi_nhan_ban,"Có nguồn, vòng đời, lịch sử hoặc quan hệ nhiều dòng cần giữ; không gộp chỉ để giảm số lượng","Bán không vượt đã chấp nhận chưa ghi; giảm bán/tăng bán chỉ gốc đã ghi và phần còn; không xuất kho lần hai. Giá vốn nguồn value_entry, không nhân giá bán.","Nhập qua nguồn/phiếu một lần, lấy lại dữ kiện đã có; xác nhận thực và quyết định vẫn riêng"
D069,tai_chinh.doi_chieu_nghia_vu_mua,Giữ và giản lược phần chung,tai_chinh.doi_chieu_nghia_vu_mua,"Có nguồn, vòng đời, lịch sử hoặc quan hệ nhiều dòng cần giữ; không gộp chỉ để giảm số lượng","Không vượt phần nhận/đạt/chưa đối chiếu; lỗi/thừa chờ riêng; nhà cung cấp reference chống nhập trùng theo nguồn, không giả nhận đạt cả đơn mua.","Nhập qua nguồn/phiếu một lần, lấy lại dữ kiện đã có; xác nhận thực và quyết định vẫn riêng"
D070,tai_chinh.dong_doi_chieu_quy_ngan_hang,Giữ và giản lược phần chung,tai_chinh.dong_doi_chieu_quy_ngan_hang,"Có nguồn, vòng đời, lịch sử hoặc quan hệ nhiều dòng cần giữ; không gộp chỉ để giảm số lượng","Movement có thể trống nếu chưa khớp; không tự sinh tiền từ sao kê. Chênh có hồ sơ xử lý, không sửa số cuối.","Nhập qua nguồn/phiếu một lần, lấy lại dữ kiện đã có; xác nhận thực và quyết định vẫn riêng"
D071,tai_chinh.nguon_chi_phi,Giữ và giản lược phần chung,tai_chinh.nguon_chi_phi,"Có nguồn, vòng đời, lịch sử hoặc quan hệ nhiều dòng cần giữ; không gộp chỉ để giảm số lượng","Duy nhất nguồn+loại+bản; vật tư/nhân công trỏ đúng loại nguồn, chi phí chung ma_dong_nguon_nghiep_vu chứng từ chi phí chứ không tiền chi. Nguồn thu hồi tách, không cộng trùng phải trả/chi tiền. Cost nguồn đầu vào có dòng riêng; ma_dong_nguon_nghiep_vu có thể trống chỉ với nguồn chi phí chung/bổ sung tự khai có chứng từ và duyệt; vật tư/nhân công phải có nguồn.","Nhập qua nguồn/phiếu một lần, lấy lại dữ kiện đã có; xác nhận thực và quyết định vẫn riêng"
D072,tai_chinh.phan_bo_chi_phi,Giữ và giản lược phần chung,tai_chinh.phan_bo_chi_phi,"Có nguồn, vòng đời, lịch sử hoặc quan hệ nhiều dòng cần giữ; không gộp chỉ để giảm số lượng",Batch có thể trống với nguồn khác; bản cũ giữ. Tổng phân bổ đang hiệu lực không vượt nguồn; nguyên liệu/nhân công/chung không cộng lại lúc chi tiền.,"Nhập qua nguồn/phiếu một lần, lấy lại dữ kiện đã có; xác nhận thực và quyết định vẫn riêng"
D073,tai_chinh.can_cu_phan_bo_chi_phi,Giữ,tai_chinh.can_cu_phan_bo_chi_phi,"Có nguồn, vòng đời, lịch sử hoặc quan hệ nhiều dòng cần giữ; không gộp chỉ để giảm số lượng",Chính xác một nguồn phù hợp loai; máy phải thực tế; nhân công phải đã xác nhận/trực tiếp. Không lấy giờ người thành giờ máy.,"Nhập qua nguồn/phiếu một lần, lấy lại dữ kiện đã có; xác nhận thực và quyết định vẫn riêng"
D074,tai_chinh.ban_chot_gia_thanh,Gộp,dung_chung.chung_tu,Đầu/quan hệ/sự kiện cùng nguồn được lưu ở bảng hiện hành; dữ kiện và điều kiện theo loại vẫn riêng,"Đầu chung là nơi sở hữu mã/bản, người lập, thời điểm tạo, nhật ký và chống ghi đồng thời. Các đầu kho/kiểm kê/ghi bán/chốt giá thành/công người-ngày trước đây lưu ngay đây theo loai. Mọi trường riêng chỉ dùng cho đúng loại: kho cần loại vận động/thời điểm/thứ tự/ghi sổ; kiểm kê cần mốc/phạm vi/ngừng giao dịch/người đếm-kiểm; bán cần đơn/phương án/thực hiện; chốt giá thành cần lô/chính sách/quyết định; công cần người/ngày-ca/kỳ/nguồn/xác nhận. Bản đã dùng bất biến, nguồn điều chỉnh nối gốc. Một chứng từ có đúng một loại, các trường không áp dụng phải trống, không tạo đầu nghiệp vụ thứ hai. Điều kiện nguồn Phiếu vận động hàng: đã ghi sổ mới tác động lượng. Phiếu xưởng tổ trưởng xác nhận phạm vi sản xuất; kho không tự sửa công/thực dùng. Không ghi lùi trước mốc/biến động liên quan. Điều kiện nguồn Biên bản kiểm kê: Đóng giao dịch phần đếm hoặc ghi đối chiếu giữa hai mốc; duyệt không tự điều chỉnh. Điều kiện nguồn Chứng từ ghi nhận bán: Sale thường chỉ sau chấp nhận; giảm bán/tăng bán có căn cứ và quyết định; không hóa đơn pháp lý. Điều kiện nguồn Bản chốt giá thành: Bản chốt lưu quyết định và danh sách phân bổ/nguồn đúng phiên bản. Tổng giá thành, lượng đạt và danh sách thiếu được tính khi đọc từ nguồn đã liên kết, không có cột tổng nhập tay. Chưa đủ lượng, lỗi và nguồn thì giữ tạm tính. Điều kiện nguồn Bản công người ngày ca: Duy nhất người/ngày/ca/bản; chỉ một bản hiện hành có hiệu lực. Thiếu nguồn giữ chờ xử lý; sửa sau chốt thêm bản điều chỉnh, không xóa công cũ.","Nhập qua nguồn/phiếu một lần, lấy lại dữ kiện đã có; xác nhận thực và quyết định vẫn riêng"
D075,tai_chinh.bien_dong_gia_tri,Giữ và giản lược phần chung,tai_chinh.bien_dong_gia_tri,"Có nguồn, vòng đời, lịch sử hoặc quan hệ nhiều dòng cần giữ; không gộp chỉ để giảm số lượng","Hai bucket khác nhau, so_tien>0; mỗi biến động giá trị có đúng nguồn và chỉ ghi một lần theo hanh_dong. Chốt/sửa giá trị không thêm lượng; xuất hết mang giá trị còn. Theo mặt hàng/bộ dữ liệu và bucket, giữ lô vật lý riêng với bình quân.","Nhập qua nguồn/phiếu một lần, lấy lại dữ kiện đã có; xác nhận thực và quyết định vẫn riêng"
D076,nhan_su.nhan_vien,Giữ,nhan_su.nhan_vien,"Có nguồn, vòng đời, lịch sử hoặc quan hệ nhiều dòng cần giữ; không gộp chỉ để giảm số lượng","Duy nhất(bộ dữ liệu,ma_nghiep_vu/ma_nguoi_that); định danh người ổn định, không tạo người thứ hai để tự duyệt; dữ liệu thật không Git. Dept/lương lịch sử ở employment, không số hiện tại thay quá khứ. Trạng thái tại mốc lấy employment hiệu lực, không cột trạng thái hiện tại thay quá khứ.","Nhập qua nguồn/phiếu một lần, lấy lại dữ kiện đã có; xác nhận thực và quyết định vẫn riêng"
D077,nhan_su.ho_so_lam_viec_theo_hieu_luc,Giữ và giản lược phần chung,nhan_su.ho_so_lam_viec_theo_hieu_luc,"Có nguồn, vòng đời, lịch sử hoặc quan hệ nhiều dòng cần giữ; không gộp chỉ để giảm số lượng","Không chồng khoảng chính một người; thay đổi tạo bản mới đúng mốc; một bộ phận chính, không tăng đầu người do kiêm nhiệm. Đầu nghiệp vụ dùng cùng ma_dinh_danh với Chứng từ; không có mã đầu/bộ thông tin lập/phiên bản ghi riêng. Các vai trò nghiệp vụ thực vẫn có trường nguồn riêng.","Nhập qua nguồn/phiếu một lần, lấy lại dữ kiện đã có; xác nhận thực và quyết định vẫn riêng"
D078,nhan_su.ho_so_ky_nang_va_an_toan,Giữ và giản lược phần chung,nhan_su.ho_so_ky_nang_va_an_toan,"Có nguồn, vòng đời, lịch sử hoặc quan hệ nhiều dòng cần giữ; không gộp chỉ để giảm số lượng","Chỉ loại cần cho công đoạn; sự cố không cấp qualification, không tự phạt/khấu trừ; chứng cứ giả lập có nhãn. Đầu nghiệp vụ dùng cùng ma_dinh_danh với Chứng từ; không có mã đầu/bộ thông tin lập/phiên bản ghi riêng. Các vai trò nghiệp vụ thực vẫn có trường nguồn riêng.","Nhập qua nguồn/phiếu một lần, lấy lại dữ kiện đã có; xác nhận thực và quyết định vẫn riêng"
D079,nhan_su.ban_giao_bao_ho_dung_cu,Gộp,dung_chung.trao_doi_va_ban_giao,Đầu/quan hệ/sự kiện cùng nguồn được lưu ở bảng hiện hành; dữ kiện và điều kiện theo loại vẫn riêng,"Một dòng có đúng loại tiếp nhận khách/giao việc/bàn giao dụng cụ. Tiếp nhận cần nội dung/kênh/mốc, không đòi bên nhận việc; giao việc cần bên nhận/phạm vi/hạn và xác nhận nhận; dụng cụ cần nhân viên/căn cứ/phiếu kho thực khi có hàng kho, không xuất lần hai. Quyền theo loại, không dùng ghi chú làm quyết định hoặc số liệu kho. Điều kiện nguồn Lần tiếp nhận nhu cầu: Nhiều kênh thuộc cùng inquiry, không tạo nhiều đơn tự động. Điều kiện nguồn Bàn giao bảo hộ dụng cụ: Hàng có kho liên kết phiếu thực đúng một lần; bàn giao không xuất thêm. Không phải hệ tài sản/khấu hao.","Nhập qua nguồn/phiếu một lần, lấy lại dữ kiện đã có; xác nhận thực và quyết định vẫn riêng"
D080,nhan_su.ngay_va_ca_lam_viec,Giữ,nhan_su.ngay_va_ca_lam_viec,"Có nguồn, vòng đời, lịch sử hoặc quan hệ nhiều dòng cần giữ; không gộp chỉ để giảm số lượng","Mỗi ngày/ca thuộc đúng bản lịch. Khoảng làm việc không chồng và loại giờ nghỉ; số phút theo lịch tính từ khoảng, không nhập thêm cột tổng. 26 ngày chỉ là giả định bộ kiểm cũ.","Nhập qua nguồn/phiếu một lần, lấy lại dữ kiện đã có; xác nhận thực và quyết định vẫn riêng"
D081,nhan_su.phan_cong_du_kien,Gộp,san_xuat.lich_nguoi_va_nguon_luc,Đầu/quan hệ/sự kiện cùng nguồn được lưu ở bảng hiện hành; dữ kiện và điều kiện theo loại vẫn riêng,"Một dòng có đúng đối tượng nguồn lực hoặc nhân viên. Máy/chỗ giữ dùng ma_nguon_luc và lượng chiếm chỗ/phút thực; người dùng ma_nhan_vien/ngày-ca, chỉ lịch dự kiến. Công người thực nằm ở khoảng công; không nhân giờ người thành giờ máy. Kiểm chồng giờ/nghỉ/kỹ năng/hiệu lực và tổng sức chứa. Bản sửa nối lịch gốc. Điều kiện nguồn Phân công dự kiến: Operation có thể trống nếu không SX; không trùng người/nghỉ; đủ qualification và người dang_su_dung; dự kiến không làm công thực.","Nhập qua nguồn/phiếu một lần, lấy lại dữ kiện đã có; xác nhận thực và quyết định vẫn riêng"
D082,nhan_su.ban_cong_nguoi_ngay_ca,Gộp,dung_chung.chung_tu,Đầu/quan hệ/sự kiện cùng nguồn được lưu ở bảng hiện hành; dữ kiện và điều kiện theo loại vẫn riêng,"Đầu chung là nơi sở hữu mã/bản, người lập, thời điểm tạo, nhật ký và chống ghi đồng thời. Các đầu kho/kiểm kê/ghi bán/chốt giá thành/công người-ngày trước đây lưu ngay đây theo loai. Mọi trường riêng chỉ dùng cho đúng loại: kho cần loại vận động/thời điểm/thứ tự/ghi sổ; kiểm kê cần mốc/phạm vi/ngừng giao dịch/người đếm-kiểm; bán cần đơn/phương án/thực hiện; chốt giá thành cần lô/chính sách/quyết định; công cần người/ngày-ca/kỳ/nguồn/xác nhận. Bản đã dùng bất biến, nguồn điều chỉnh nối gốc. Một chứng từ có đúng một loại, các trường không áp dụng phải trống, không tạo đầu nghiệp vụ thứ hai. Điều kiện nguồn Phiếu vận động hàng: đã ghi sổ mới tác động lượng. Phiếu xưởng tổ trưởng xác nhận phạm vi sản xuất; kho không tự sửa công/thực dùng. Không ghi lùi trước mốc/biến động liên quan. Điều kiện nguồn Biên bản kiểm kê: Đóng giao dịch phần đếm hoặc ghi đối chiếu giữa hai mốc; duyệt không tự điều chỉnh. Điều kiện nguồn Chứng từ ghi nhận bán: Sale thường chỉ sau chấp nhận; giảm bán/tăng bán có căn cứ và quyết định; không hóa đơn pháp lý. Điều kiện nguồn Bản chốt giá thành: Bản chốt lưu quyết định và danh sách phân bổ/nguồn đúng phiên bản. Tổng giá thành, lượng đạt và danh sách thiếu được tính khi đọc từ nguồn đã liên kết, không có cột tổng nhập tay. Chưa đủ lượng, lỗi và nguồn thì giữ tạm tính. Điều kiện nguồn Bản công người ngày ca: Duy nhất người/ngày/ca/bản; chỉ một bản hiện hành có hiệu lực. Thiếu nguồn giữ chờ xử lý; sửa sau chốt thêm bản điều chỉnh, không xóa công cũ.","Nhập qua nguồn/phiếu một lần, lấy lại dữ kiện đã có; xác nhận thực và quyết định vẫn riêng"
D083,nhan_su.khoang_cong_thuc_te,Giữ,nhan_su.khoang_cong_thuc_te,"Có nguồn, vòng đời, lịch sử hoặc quan hệ nhiều dòng cần giữ; không gộp chỉ để giảm số lượng","Một khoảng một loại; trực tiếp bắt operation, nghỉ bắt nguồn phép nếu thuộc phép; không trùng người/khoảng/bản hiện hành, không trưa. Thời gian chờ sản phẩm khác chờ có mặt của người.","Nhập qua nguồn/phiếu một lần, lấy lại dữ kiện đã có; xác nhận thực và quyết định vẫn riêng"
D084,nhan_su.de_nghi_nghi,Giữ và giản lược phần chung,nhan_su.de_nghi_nghi,"Có nguồn, vòng đời, lịch sử hoặc quan hệ nhiều dòng cần giữ; không gộp chỉ để giảm số lượng","Người đề nghị ghi khoảng nghỉ và loại nghỉ. Phút trong lịch tính từ giao của khoảng nghỉ với ca, không giữ tổng sửa tay. Duyệt giữ phép; công thực đã xác nhận mới chuyển sang dùng phép. Hủy/chỉnh có sự kiện căn cứ. Đầu nghiệp vụ dùng cùng ma_dinh_danh với Chứng từ; không có mã đầu/bộ thông tin lập/phiên bản ghi riêng. Các vai trò nghiệp vụ thực vẫn có trường nguồn riêng.","Nhập qua nguồn/phiếu một lần, lấy lại dữ kiện đã có; xác nhận thực và quyết định vẫn riêng"
D085,nhan_su.su_kien_phep,Giữ và giản lược phần chung,nhan_su.su_kien_phep,"Có nguồn, vòng đời, lịch sử hoặc quan hệ nhiều dòng cần giữ; không gộp chỉ để giảm số lượng","Minutes>0; dùng phép giảm phần giữ nguồn còn và quỹ phép cùng giao dịch nguyên tử, không trừ đôi; xem mốc từ sổ, không cập nhật số dư tay.","Nhập qua nguồn/phiếu một lần, lấy lại dữ kiện đã có; xác nhận thực và quyết định vẫn riêng"
D086,nhan_su.ky_tinh_thu_nhap,Gộp,dung_chung.ky_nghiep_vu,Đầu/quan hệ/sự kiện cùng nguồn được lưu ở bảng hiện hành; dữ kiện và điều kiện theo loại vẫn riêng,"Các loại kỳ có bản/hiệu lực riêng; chốt công không chốt lương hoặc tiền. Kỳ thu nhập cố định nguồn chốt công/chính sách và bản bị thay. Tổng/tiến độ tính từ nguồn; dòng giám đốc kiểm độc lập. Không sửa bản đã chốt, không tự đóng theo lịch. Điều kiện nguồn Kỳ tính thu nhập: Kỳ tính cố định kỳ công và bản chính sách. Duyệt thuộc từng dòng và quyết định; tình trạng duyệt toàn kỳ tính từ các nguồn đó, không có cột cho phép một thao tác hợp thức hóa mọi dòng. Chốt kỳ theo chứng từ và kỳ nghiệp vụ.","Nhập qua nguồn/phiếu một lần, lấy lại dữ kiện đã có; xác nhận thực và quyết định vẫn riêng"
D087,nhan_su.dong_thu_nhap_nhan_vien,Giữ và giản lược phần chung,nhan_su.thu_nhap_nhan_vien,"Có nguồn, vòng đời, lịch sử hoặc quan hệ nhiều dòng cần giữ; không gộp chỉ để giảm số lượng","Một dòng cho mỗi người và kỳ/bản. Thu nhập tính từ từng khoản có căn cứ; bản lưu phép tính nối nguồn công/chính sách đúng phiên bản. Dòng giám đốc cần người kiểm tra độc lập. Đã trả/ứng/còn trả tính từ tiền thực và phân bổ, không nhập số cuối; chưa mô phỏng khấu trừ bắt buộc. Các chi tiết thuộc bảng con, tự nối đúng bản cha trong cùng biểu mẫu; không bắt tạo một công việc/phiếu riêng cho mỗi dòng.","Nhập qua nguồn/phiếu một lần, lấy lại dữ kiện đã có; xác nhận thực và quyết định vẫn riêng"
D088,nhan_su.khoan_thu_nhap_co_can_cu,Giữ,nhan_su.khoan_thu_nhap_co_can_cu,"Có nguồn, vòng đời, lịch sử hoặc quan hệ nhiều dòng cần giữ; không gộp chỉ để giảm số lượng",Chỉ khoản đã dùng/chính sách có nguồn; không tự tiền phạt/khấu trừ pháp lý. Tổng thành thu nhập income đúng dấu; ứng không là component giảm chi phí.,"Nhập qua nguồn/phiếu một lần, lấy lại dữ kiện đã có; xác nhận thực và quyết định vẫn riêng"
D089,truy_cap.phien_dang_nhap,Giữ,truy_cap.phien_dang_nhap,"Có nguồn, vòng đời, lịch sử hoặc quan hệ nhiều dòng cần giữ; không gộp chỉ để giảm số lượng",Chỉ lưu băm mã phiên; kiểm tài khoản dang_su_dung/so_phien_ban_quyen_xac_thuc và hết hạn mỗi lần; nghỉ việc hoặc đổi quyền thu hồi phiên liên quan. Không log mã phiên.,"Nhập qua nguồn/phiếu một lần, lấy lại dữ kiện đã có; xác nhận thực và quyết định vẫn riêng"
D090,tai_chinh.nguon_cua_ban_chot_gia_thanh,Giữ và giản lược phần chung,tai_chinh.nguon_cua_ban_chot_gia_thanh,"Có nguồn, vòng đời, lịch sử hoặc quan hệ nhiều dòng cần giữ; không gộp chỉ để giảm số lượng","Chốt giữ danh sách liên kết đúng bản phân bổ; ma_chung_tu_ban_chot_gia_thanh trỏ chứng từ loại chot_gia_thanh. Bản mới có thể dùng phân bổ nguồn không đổi qua liên kết nhiều-nhiều; không chuyển FK trên phân bổ rồi làm mất bản cũ. Tổng khi đọc, không sao tiền lần hai.","Nhập qua nguồn/phiếu một lần, lấy lại dữ kiện đã có; xác nhận thực và quyết định vẫn riêng"
D091,truy_cap.dinh_danh_nguoi,Giữ,truy_cap.dinh_danh_nguoi,"Có nguồn, vòng đời, lịch sử hoặc quan hệ nhiều dòng cần giữ; không gộp chỉ để giảm số lượng","Định danh toàn hệ thống; duy nhất ma_dinh_danh_nguoi có kiểm căn cứ, không tự thêm người trùng để duyệt cho mình. Một person có nhiều tài khoản/hồ sơ mô phỏng nhưng vẫn cùng người.","Nhập qua nguồn/phiếu một lần, lấy lại dữ kiện đã có; xác nhận thực và quyết định vẫn riêng"
