bang_con,truong_lien_ket,bang_nguon,truong_phan_loai,gia_tri_duoc_phep,duong_dan_kiem_loai,dieu_kien,cach_cuong_che
kho.dong_van_dong_hang,ma_phieu_van_dong_hang,dung_chung.chung_tu,loai,van_dong_hang,dung_chung.chung_tu.loai,Dòng kho chỉ thuộc đầu vận động hàng đã đủ điều kiện,FK tồn tại/cùng bộ; FK kèm loại bằng khóa tổng hợp hoặc ràng buộc loại có kiểm trong DB; CHECK cột áp dụng; giao dịch kiểm tổng và quyền. Chưa viết SQL.
kho.dong_kiem_ke,ma_bien_ban_kiem_ke,dung_chung.chung_tu,loai,kiem_ke,dung_chung.chung_tu.loai,"Dòng đếm thuộc biên bản kiểm kê, không sửa số sổ",FK tồn tại/cùng bộ; FK kèm loại bằng khóa tổng hợp hoặc ràng buộc loại có kiểm trong DB; CHECK cột áp dụng; giao dịch kiểm tổng và quyền. Chưa viết SQL.
tai_chinh.dong_ghi_nhan_ban,ma_chung_tu_ghi_ban,dung_chung.chung_tu,loai,ghi_ban|giam_ban|tang_ban,dung_chung.chung_tu.loai,"Ghi bán theo phần khách chấp nhận, không xuất lần hai",FK tồn tại/cùng bộ; FK kèm loại bằng khóa tổng hợp hoặc ràng buộc loại có kiểm trong DB; CHECK cột áp dụng; giao dịch kiểm tổng và quyền. Chưa viết SQL.
tai_chinh.nguon_cua_ban_chot_gia_thanh,ma_chung_tu_ban_chot_gia_thanh,dung_chung.chung_tu,loai,chot_gia_thanh,dung_chung.chung_tu.loai,Bản chốt có nguồn/phân bổ được khóa đúng bản,FK tồn tại/cùng bộ; FK kèm loại bằng khóa tổng hợp hoặc ràng buộc loại có kiểm trong DB; CHECK cột áp dụng; giao dịch kiểm tổng và quyền. Chưa viết SQL.
nhan_su.khoang_cong_thuc_te,ma_chung_tu_ban_cong,dung_chung.chung_tu,loai,cong,dung_chung.chung_tu.loai,Cùng người/ngày/ca/bản; không chồng khoảng,FK tồn tại/cùng bộ; FK kèm loại bằng khóa tổng hợp hoặc ràng buộc loại có kiểm trong DB; CHECK cột áp dụng; giao dịch kiểm tổng và quyền. Chưa viết SQL.
nhan_su.thu_nhap_nhan_vien,ma_chung_tu_ky_tinh_thu_nhap,dung_chung.ky_nghiep_vu,loai_ky,thu_nhap,dung_chung.ky_nghiep_vu.loai_ky,Đúng kỳ/chốt công/chính sách được cố định,FK tồn tại/cùng bộ; FK kèm loại bằng khóa tổng hợp hoặc ràng buộc loại có kiểm trong DB; CHECK cột áp dụng; giao dịch kiểm tổng và quyền. Chưa viết SQL.
tai_chinh.dong_ghi_nhan_ban,ma_dong_xac_nhan_khach_nhan,giao_hang.dong_giao_va_nhan_hang,loai_dong_giao,nhan_thuc,giao_hang.dong_giao_va_nhan_hang.loai_dong_giao,Không vượt phần chấp nhận chưa ghi bán,FK tồn tại/cùng bộ; FK kèm loại bằng khóa tổng hợp hoặc ràng buộc loại có kiểm trong DB; CHECK cột áp dụng; giao dịch kiểm tổng và quyền. Chưa viết SQL.
tai_chinh.su_kien_su_dung_nguon_tien,ma_nghia_vu_thanh_toan,tai_chinh.nghia_vu_va_dieu_chinh,loai_ban_ghi_nghia_vu,xac_lap,tai_chinh.nghia_vu_va_dieu_chinh.loai_ban_ghi_nghia_vu,Sử dụng tiền chỉ tới nghĩa vụ gốc đúng chủ/hướng,FK tồn tại/cùng bộ; FK kèm loại bằng khóa tổng hợp hoặc ràng buộc loại có kiểm trong DB; CHECK cột áp dụng; giao dịch kiểm tổng và quyền. Chưa viết SQL.
giao_hang.dong_giao_va_nhan_hang,ma_dong_giao_du_kien,giao_hang.dong_giao_va_nhan_hang,loai_dong_giao,giao_du_kien,giao_hang.dong_giao_va_nhan_hang.loai_dong_giao,Dòng thực nhận cùng nguồn gốc,FK tồn tại/cùng bộ; FK kèm loại bằng khóa tổng hợp hoặc ràng buộc loại có kiểm trong DB; CHECK cột áp dụng; giao dịch kiểm tổng và quyền. Chưa viết SQL.
tai_chinh.nghia_vu_va_dieu_chinh,ma_nghia_vu_goc,tai_chinh.nghia_vu_va_dieu_chinh,loai_ban_ghi_nghia_vu,xac_lap,tai_chinh.nghia_vu_va_dieu_chinh.loai_ban_ghi_nghia_vu,"Điều chỉnh đúng gốc, không tạo nghĩa vụ lần hai",FK tồn tại/cùng bộ; FK kèm loại bằng khóa tổng hợp hoặc ràng buộc loại có kiểm trong DB; CHECK cột áp dụng; giao dịch kiểm tổng và quyền. Chưa viết SQL.
danh_muc.mat_hang,ma_nhom_mau,danh_muc.mat_hang,loai_mat_hang,nhom_mau,danh_muc.mat_hang.loai_mat_hang,Không chu trình; giao dịch lượng chỉ dùng biến thể/vật tư/bảo hộ,FK tồn tại/cùng bộ; FK kèm loại bằng khóa tổng hợp hoặc ràng buộc loại có kiểm trong DB; CHECK cột áp dụng; giao dịch kiểm tổng và quyền. Chưa viết SQL.
kho.dong_van_dong_hang,ma_dong_cap_vat_tu_nguon,kho.dong_van_dong_hang,@loai_phieu_cha,cap_phat,kho.dong_van_dong_hang.ma_phieu_van_dong_hang -> dung_chung.chung_tu.loai_van_dong_kho,"Cùng lệnh/công đoạn/mặt hàng/phần lô, không dùng dòng xuất khác làm cấp",FK tồn tại/cùng bộ; FK kèm loại bằng khóa tổng hợp hoặc ràng buộc loại có kiểm trong DB; CHECK cột áp dụng; giao dịch kiểm tổng và quyền. Chưa viết SQL.
tai_chinh.nguon_chi_phi,ma_dong_vat_tu_thuc_dung,kho.dong_van_dong_hang,@loai_phieu_cha,thuc_dung,kho.dong_van_dong_hang.ma_phieu_van_dong_hang -> dung_chung.chung_tu.loai_van_dong_kho,"Chỉ thực dùng/hao hụt sản xuất đã ghi sổ, cùng công đoạn; cấp chưa là chi phí",FK tồn tại/cùng bộ; FK kèm loại bằng khóa tổng hợp hoặc ràng buộc loại có kiểm trong DB; CHECK cột áp dụng; giao dịch kiểm tổng và quyền. Chưa viết SQL.
tai_chinh.can_cu_phan_bo_chi_phi,ma_dong_vat_tu_thuc_dung,kho.dong_van_dong_hang,@loai_phieu_cha,thuc_dung,kho.dong_van_dong_hang.ma_phieu_van_dong_hang -> dung_chung.chung_tu.loai_van_dong_kho,"Căn cứ phân bổ từ lượng thực dùng, không lấy lượng cấp hoặc nhận hàng",FK tồn tại/cùng bộ; FK kèm loại bằng khóa tổng hợp hoặc ràng buộc loại có kiểm trong DB; CHECK cột áp dụng; giao dịch kiểm tổng và quyền. Chưa viết SQL.
kinh_doanh.dong_tu_van_bao_gia_va_don_hang,ma_dong_tu_van_goc,kinh_doanh.dong_tu_van_bao_gia_va_don_hang,giai_doan_dong,tu_van,kinh_doanh.dong_tu_van_bao_gia_va_don_hang.giai_doan_dong,Đúng nhu cầu/mặt hàng và bản nguồn; không đổi tư vấn thành đơn tại chỗ,FK tồn tại/cùng bộ; FK kèm loại bằng khóa tổng hợp hoặc ràng buộc loại có kiểm trong DB; CHECK cột áp dụng; giao dịch kiểm tổng và quyền. Chưa viết SQL.
kinh_doanh.ho_so_xu_ly,ma_ho_so_lien_quan,kinh_doanh.ho_so_xu_ly,loai_ho_so_xu_ly,thuong_mai|chat_luong,kinh_doanh.ho_so_xu_ly.loai_ho_so_xu_ly,Hai hồ sơ khác loại cùng vụ; không tự nối hoặc thay quyền duyệt,FK tồn tại/cùng bộ; FK kèm loại bằng khóa tổng hợp hoặc ràng buộc loại có kiểm trong DB; CHECK cột áp dụng; giao dịch kiểm tổng và quyền. Chưa viết SQL.
danh_muc.ma_goi_khac,ma_mat_hang,danh_muc.mat_hang,loai_mat_hang,nhom_mau|bien_the|vat_tu|bao_ho,danh_muc.mat_hang.loai_mat_hang,"Giữ loại nguồn của liên kết trước gộp; kiểm bản/bộ, chủ thể và nguồn gốc theo nghiệp vụ",FK tồn tại/cùng bộ; FK kèm loại bằng khóa tổng hợp hoặc ràng buộc loại có kiểm trong DB; CHECK cột áp dụng; giao dịch kiểm tổng và quyền. Chưa viết SQL.
danh_muc.quy_doi_don_vi,ma_mat_hang,danh_muc.mat_hang,loai_mat_hang,bien_the|vat_tu|bao_ho,danh_muc.mat_hang.loai_mat_hang,"Giữ loại nguồn của liên kết trước gộp; kiểm bản/bộ, chủ thể và nguồn gốc theo nghiệp vụ",FK tồn tại/cùng bộ; FK kèm loại bằng khóa tổng hợp hoặc ràng buộc loại có kiểm trong DB; CHECK cột áp dụng; giao dịch kiểm tổng và quyền. Chưa viết SQL.
kinh_doanh.dong_tu_van_bao_gia_va_don_hang,ma_mat_hang,danh_muc.mat_hang,loai_mat_hang,bien_the|vat_tu|bao_ho,danh_muc.mat_hang.loai_mat_hang,"Giữ loại nguồn của liên kết trước gộp; kiểm bản/bộ, chủ thể và nguồn gốc theo nghiệp vụ",FK tồn tại/cùng bộ; FK kèm loại bằng khóa tổng hợp hoặc ràng buộc loại có kiểm trong DB; CHECK cột áp dụng; giao dịch kiểm tổng và quyền. Chưa viết SQL.
kinh_doanh.dong_tu_van_bao_gia_va_don_hang,ma_ho_so_giao_bu,kinh_doanh.ho_so_xu_ly,loai_ho_so_xu_ly,thuong_mai,kinh_doanh.ho_so_xu_ly.loai_ho_so_xu_ly,"Giữ loại nguồn của liên kết trước gộp; kiểm bản/bộ, chủ thể và nguồn gốc theo nghiệp vụ",FK tồn tại/cùng bộ; FK kèm loại bằng khóa tổng hợp hoặc ràng buộc loại có kiểm trong DB; CHECK cột áp dụng; giao dịch kiểm tổng và quyền. Chưa viết SQL.
kinh_doanh.mau_khach_duyet,ma_dong_don_hang,kinh_doanh.dong_tu_van_bao_gia_va_don_hang,giai_doan_dong,bao_gia|don_hang,kinh_doanh.dong_tu_van_bao_gia_va_don_hang.giai_doan_dong,"Giữ loại nguồn của liên kết trước gộp; kiểm bản/bộ, chủ thể và nguồn gốc theo nghiệp vụ",FK tồn tại/cùng bộ; FK kèm loại bằng khóa tổng hợp hoặc ràng buộc loại có kiểm trong DB; CHECK cột áp dụng; giao dịch kiểm tổng và quyền. Chưa viết SQL.
kinh_doanh.ho_so_xu_ly,ma_dong_don_hang_goc,kinh_doanh.dong_tu_van_bao_gia_va_don_hang,giai_doan_dong,bao_gia|don_hang,kinh_doanh.dong_tu_van_bao_gia_va_don_hang.giai_doan_dong,"Giữ loại nguồn của liên kết trước gộp; kiểm bản/bộ, chủ thể và nguồn gốc theo nghiệp vụ",FK tồn tại/cùng bộ; FK kèm loại bằng khóa tổng hợp hoặc ràng buộc loại có kiểm trong DB; CHECK cột áp dụng; giao dịch kiểm tổng và quyền. Chưa viết SQL.
kinh_doanh.ho_so_xu_ly,ma_dong_don_hang_moi,kinh_doanh.dong_tu_van_bao_gia_va_don_hang,giai_doan_dong,bao_gia|don_hang,kinh_doanh.dong_tu_van_bao_gia_va_don_hang.giai_doan_dong,"Giữ loại nguồn của liên kết trước gộp; kiểm bản/bộ, chủ thể và nguồn gốc theo nghiệp vụ",FK tồn tại/cùng bộ; FK kèm loại bằng khóa tổng hợp hoặc ràng buộc loại có kiểm trong DB; CHECK cột áp dụng; giao dịch kiểm tổng và quyền. Chưa viết SQL.
mua_hang.dong_don_mua_hang,ma_mat_hang,danh_muc.mat_hang,loai_mat_hang,bien_the|vat_tu|bao_ho,danh_muc.mat_hang.loai_mat_hang,"Giữ loại nguồn của liên kết trước gộp; kiểm bản/bộ, chủ thể và nguồn gốc theo nghiệp vụ",FK tồn tại/cùng bộ; FK kèm loại bằng khóa tổng hợp hoặc ràng buộc loại có kiểm trong DB; CHECK cột áp dụng; giao dịch kiểm tổng và quyền. Chưa viết SQL.
kho.su_kien_giu_khoa_va_dang_ve,ma_su_kien_dang_ve_bi_thay,kho.su_kien_giu_khoa_va_dang_ve,loai,giu_dang_ve|giai_phong_dang_ve,kho.su_kien_giu_khoa_va_dang_ve.loai,"Giữ loại nguồn của liên kết trước gộp; kiểm bản/bộ, chủ thể và nguồn gốc theo nghiệp vụ",FK tồn tại/cùng bộ; FK kèm loại bằng khóa tổng hợp hoặc ràng buộc loại có kiểm trong DB; CHECK cột áp dụng; giao dịch kiểm tổng và quyền. Chưa viết SQL.
kho.lo_hang,ma_mat_hang,danh_muc.mat_hang,loai_mat_hang,bien_the|vat_tu|bao_ho,danh_muc.mat_hang.loai_mat_hang,"Giữ loại nguồn của liên kết trước gộp; kiểm bản/bộ, chủ thể và nguồn gốc theo nghiệp vụ",FK tồn tại/cùng bộ; FK kèm loại bằng khóa tổng hợp hoặc ràng buộc loại có kiểm trong DB; CHECK cột áp dụng; giao dịch kiểm tổng và quyền. Chưa viết SQL.
kho.yeu_cau_hang_va_vat_tu,ma_mat_hang,danh_muc.mat_hang,loai_mat_hang,bien_the|vat_tu|bao_ho,danh_muc.mat_hang.loai_mat_hang,"Giữ loại nguồn của liên kết trước gộp; kiểm bản/bộ, chủ thể và nguồn gốc theo nghiệp vụ",FK tồn tại/cùng bộ; FK kèm loại bằng khóa tổng hợp hoặc ràng buộc loại có kiểm trong DB; CHECK cột áp dụng; giao dịch kiểm tổng và quyền. Chưa viết SQL.
kho.su_kien_giu_khoa_va_dang_ve,ma_su_kien_goc,kho.su_kien_giu_khoa_va_dang_ve,loai,giu_ton|khoa_chat_luong,kho.su_kien_giu_khoa_va_dang_ve.loai,Theo loại dòng con: dùng/giải phóng/mất hiệu lực giữ nối giu_ton; giải phóng khóa nối khoa_chat_luong; không nối chéo loại,FK tồn tại/cùng bộ; FK kèm loại bằng khóa tổng hợp hoặc ràng buộc loại có kiểm trong DB; CHECK cột áp dụng; giao dịch kiểm tổng và quyền. Chưa viết SQL.
san_xuat.phien_ban_dinh_muc_san_xuat,ma_mat_hang_dau_ra,danh_muc.mat_hang,loai_mat_hang,bien_the|vat_tu|bao_ho,danh_muc.mat_hang.loai_mat_hang,"Giữ loại nguồn của liên kết trước gộp; kiểm bản/bộ, chủ thể và nguồn gốc theo nghiệp vụ",FK tồn tại/cùng bộ; FK kèm loại bằng khóa tổng hợp hoặc ràng buộc loại có kiểm trong DB; CHECK cột áp dụng; giao dịch kiểm tổng và quyền. Chưa viết SQL.
san_xuat.dong_dinh_muc_vat_tu,ma_mat_hang,danh_muc.mat_hang,loai_mat_hang,bien_the|vat_tu|bao_ho,danh_muc.mat_hang.loai_mat_hang,"Giữ loại nguồn của liên kết trước gộp; kiểm bản/bộ, chủ thể và nguồn gốc theo nghiệp vụ",FK tồn tại/cùng bộ; FK kèm loại bằng khóa tổng hợp hoặc ràng buộc loại có kiểm trong DB; CHECK cột áp dụng; giao dịch kiểm tổng và quyền. Chưa viết SQL.
san_xuat.lenh_san_xuat,ma_dong_don_hang_nguon,kinh_doanh.dong_tu_van_bao_gia_va_don_hang,giai_doan_dong,bao_gia|don_hang,kinh_doanh.dong_tu_van_bao_gia_va_don_hang.giai_doan_dong,"Giữ loại nguồn của liên kết trước gộp; kiểm bản/bộ, chủ thể và nguồn gốc theo nghiệp vụ",FK tồn tại/cùng bộ; FK kèm loại bằng khóa tổng hợp hoặc ràng buộc loại có kiểm trong DB; CHECK cột áp dụng; giao dịch kiểm tổng và quyền. Chưa viết SQL.
san_xuat.lenh_san_xuat,ma_ho_so_xu_ly_nguon,kinh_doanh.ho_so_xu_ly,loai_ho_so_xu_ly,thuong_mai,kinh_doanh.ho_so_xu_ly.loai_ho_so_xu_ly,"Giữ loại nguồn của liên kết trước gộp; kiểm bản/bộ, chủ thể và nguồn gốc theo nghiệp vụ",FK tồn tại/cùng bộ; FK kèm loại bằng khóa tổng hợp hoặc ràng buộc loại có kiểm trong DB; CHECK cột áp dụng; giao dịch kiểm tổng và quyền. Chưa viết SQL.
giao_hang.dong_giao_va_nhan_hang,ma_dong_don_hang,kinh_doanh.dong_tu_van_bao_gia_va_don_hang,giai_doan_dong,bao_gia|don_hang,kinh_doanh.dong_tu_van_bao_gia_va_don_hang.giai_doan_dong,"Giữ loại nguồn của liên kết trước gộp; kiểm bản/bộ, chủ thể và nguồn gốc theo nghiệp vụ",FK tồn tại/cùng bộ; FK kèm loại bằng khóa tổng hợp hoặc ràng buộc loại có kiểm trong DB; CHECK cột áp dụng; giao dịch kiểm tổng và quyền. Chưa viết SQL.
tai_chinh.de_nghi_chi_tien,ma_nghia_vu_thanh_toan,tai_chinh.nghia_vu_va_dieu_chinh,loai_ban_ghi_nghia_vu,xac_lap,tai_chinh.nghia_vu_va_dieu_chinh.loai_ban_ghi_nghia_vu,"Giữ loại nguồn của liên kết trước gộp; kiểm bản/bộ, chủ thể và nguồn gốc theo nghiệp vụ",FK tồn tại/cùng bộ; FK kèm loại bằng khóa tổng hợp hoặc ràng buộc loại có kiểm trong DB; CHECK cột áp dụng; giao dịch kiểm tổng và quyền. Chưa viết SQL.
tai_chinh.nghia_vu_va_dieu_chinh,ma_su_kien_dieu_chinh_goc,tai_chinh.nghia_vu_va_dieu_chinh,loai_ban_ghi_nghia_vu,dieu_chinh_tien|doi_han,tai_chinh.nghia_vu_va_dieu_chinh.loai_ban_ghi_nghia_vu,"Giữ loại nguồn của liên kết trước gộp; kiểm bản/bộ, chủ thể và nguồn gốc theo nghiệp vụ",FK tồn tại/cùng bộ; FK kèm loại bằng khóa tổng hợp hoặc ràng buộc loại có kiểm trong DB; CHECK cột áp dụng; giao dịch kiểm tổng và quyền. Chưa viết SQL.
dung_chung.chung_tu,ma_ho_so_xu_ly_thuong_mai,kinh_doanh.ho_so_xu_ly,loai_ho_so_xu_ly,thuong_mai,kinh_doanh.ho_so_xu_ly.loai_ho_so_xu_ly,"Giữ loại nguồn của liên kết trước gộp; kiểm bản/bộ, chủ thể và nguồn gốc theo nghiệp vụ",FK tồn tại/cùng bộ; FK kèm loại bằng khóa tổng hợp hoặc ràng buộc loại có kiểm trong DB; CHECK cột áp dụng; giao dịch kiểm tổng và quyền. Chưa viết SQL.
tai_chinh.dong_ghi_nhan_ban,ma_dong_don_hang,kinh_doanh.dong_tu_van_bao_gia_va_don_hang,giai_doan_dong,bao_gia|don_hang,kinh_doanh.dong_tu_van_bao_gia_va_don_hang.giai_doan_dong,"Giữ loại nguồn của liên kết trước gộp; kiểm bản/bộ, chủ thể và nguồn gốc theo nghiệp vụ",FK tồn tại/cùng bộ; FK kèm loại bằng khóa tổng hợp hoặc ràng buộc loại có kiểm trong DB; CHECK cột áp dụng; giao dịch kiểm tổng và quyền. Chưa viết SQL.
tai_chinh.bien_dong_gia_tri,ma_mat_hang,danh_muc.mat_hang,loai_mat_hang,bien_the|vat_tu|bao_ho,danh_muc.mat_hang.loai_mat_hang,"Giữ loại nguồn của liên kết trước gộp; kiểm bản/bộ, chủ thể và nguồn gốc theo nghiệp vụ",FK tồn tại/cùng bộ; FK kèm loại bằng khóa tổng hợp hoặc ràng buộc loại có kiểm trong DB; CHECK cột áp dụng; giao dịch kiểm tổng và quyền. Chưa viết SQL.
tai_chinh.bien_dong_gia_tri,ma_chung_tu_ban_chot_gia_thanh,dung_chung.chung_tu,loai,chot_gia_thanh,dung_chung.chung_tu.loai,"Giữ loại nguồn của liên kết trước gộp; kiểm bản/bộ, chủ thể và nguồn gốc theo nghiệp vụ",FK tồn tại/cùng bộ; FK kèm loại bằng khóa tổng hợp hoặc ràng buộc loại có kiểm trong DB; CHECK cột áp dụng; giao dịch kiểm tổng và quyền. Chưa viết SQL.
san_xuat.lich_nguoi_va_nguon_luc,ma_lich_bi_thay,san_xuat.lich_nguoi_va_nguon_luc,doi_tuong_lich,nguon_luc|nhan_vien,san_xuat.lich_nguoi_va_nguon_luc.doi_tuong_lich,"Cùng đối tượng lịch và bản nguồn, không đổi lịch máy thành lịch người",FK tồn tại/cùng bộ; FK kèm loại bằng khóa tổng hợp hoặc ràng buộc loại có kiểm trong DB; CHECK cột áp dụng; giao dịch kiểm tổng và quyền. Chưa viết SQL.
dung_chung.chung_tu,ma_ban_chung_tu_bi_thay,dung_chung.chung_tu,loai,cong,dung_chung.chung_tu.loai,"Giữ loại nguồn của liên kết trước gộp; kiểm bản/bộ, chủ thể và nguồn gốc theo nghiệp vụ",FK tồn tại/cùng bộ; FK kèm loại bằng khóa tổng hợp hoặc ràng buộc loại có kiểm trong DB; CHECK cột áp dụng; giao dịch kiểm tổng và quyền. Chưa viết SQL.
dung_chung.ky_nghiep_vu,ma_ban_ky_bi_thay,dung_chung.ky_nghiep_vu,loai_ky,thu_nhap,dung_chung.ky_nghiep_vu.loai_ky,"Giữ loại nguồn của liên kết trước gộp; kiểm bản/bộ, chủ thể và nguồn gốc theo nghiệp vụ",FK tồn tại/cùng bộ; FK kèm loại bằng khóa tổng hợp hoặc ràng buộc loại có kiểm trong DB; CHECK cột áp dụng; giao dịch kiểm tổng và quyền. Chưa viết SQL.
dung_chung.trao_doi_va_ban_giao,ma_phien_ban_chung_tu,dung_chung.chung_tu,loai,nhu_cau_khach|bao_gia|don_hang|mau_khach|thay_doi_thuong_mai|don_mua|van_dong_hang|ton_dau|kiem_ke|dinh_muc|lenh_san_xuat|cong_doan|kiem_chat_luong|xu_ly_chat_luong|giao_hang|ghi_ban|giam_ban|tang_ban|de_nghi_chi|chot_gia_thanh|ho_so_lam_viec|ky_nang|su_co|ban_giao_dung_cu|phan_cong|cong|nghi|ky_thu_nhap|khach_nhan|doi_chieu_mua|tien_thuc|tien_dau|dieu_chinh_nghia_vu|nguon_chi_phi|phan_bo_chi_phi|su_kien_phep|nhu_cau_vat_tu|quyet_dinh_danh_muc|quyet_dinh_chinh_sach|quyet_dinh_cap_quyen|quyet_dinh_chot_ky|de_nghi_nhan_su|quyet_dinh_chot_lenh,dung_chung.chung_tu.loai,"Khi tiếp nhận khách bắt buộc nhu_cau_khach; dụng cụ bắt buộc ban_giao_dung_cu; giao việc có thể trỏ mọi loại chứng từ phù hợp trong danh sách đóng của Chứng từ, không giới hạn bởi các ví dụ ở đây",FK tồn tại/cùng bộ; FK kèm loại bằng khóa tổng hợp hoặc ràng buộc loại có kiểm trong DB; CHECK cột áp dụng; giao dịch kiểm tổng và quyền. Chưa viết SQL.
